Sample_ID,BD,Porosity,Sand_KA5,Silt_KA5,Clay_KA5,cSand_KA5,mSand_KA5,fSand_KA5,cSilt_KA5,mSilt_KA5,fSilt_KA5,TexClass_KA5,Sand_USDA,Silt_USDA,Clay_USDA,TexClass_USDA,Stone,Corg,N,S
FSUJ_001,1.41,0.47,8.7,77.3,14,0.7,0.9,7,55.5,15.1,6.7,Ut3,15.8841158841159,70.1298701298701,13.986013986014,SiLo,1.2,0.97,0.1,NA
FSUJ_002,1.32,0.5,6.7,74.2,19.1,0.3,0.5,5.9,54,16.9,3.4,Ut4,13.2867132867133,67.6323676323676,19.0809190809191,SiLo,0.2,1.08,0.11,NA
FSUJ_003,1.38,0.48,4.0959040959041,80.2197802197802,15.6843156843157,0.4,0.5,3.2,60.2,19.2,0.8,Ut3,10,74.3,15.7,SiLo,0,1,0.09,NA
FSUJ_004,1.44,0.46,3.4,75.1,21.5,0.2,0.3,2.9,55.7,16,3.4,Ut4,8.99100899100899,69.5304695304695,21.4785214785215,SiLo,0.1,1.35,0.11,NA
FSUJ_005,1.45,0.45,5.7,91.9,2.4,0.1,0.4,5.2,60.7,9.1,22.1,Uu,13.2,84.4,2.4,Si,0.8,0.88,0.08,NA
FSUJ_006,1.26,0.52,2,91.1,6.9,0.1,0.2,1.7,59.5,18.2,13.5,Uu,7.4,85.7,6.9,Si,0.2,1.28,0.11,NA
FSUJ_007,1.31,0.51,3.6,68.8,27.6,0,0.1,3.5,56.9,11.1,0.9,Tu4,9.9,62.5,27.6,SiClLo,0,1.18,0.13,NA
FSUJ_008,1.47,0.45,3.7,76.4,19.9,0.3,0.3,3.2,56,12,8.3,Ut4,9.7,70.4,19.9,SiLo,7.6,0.94,0.09,NA
FSUJ_009,1.4,0.47,3.2,74.6,22.2,0.2,0.4,2.6,53.7,15.9,5,Ut4,8.40840840840841,69.3693693693694,22.2222222222222,SiLo,0.1,1.08,0.11,NA
FSUJ_010,1.41,0.47,13.2,72.5,14.3,0.1,0.6,12.5,52.6,10,10,Ut3,22.6,63.1,14.3,SiLo,0.6,1.02,0.13,NA
FSUJ_011,1.38,0.48,20.1,79.8,0.1,0,0.3,19.8,61.4,0,18.3,Us,33.2,66.7,0.1,SiLo,0,1.04,0.13,NA
FSUJ_012,1.46,0.45,5.1,76.4,18.5,0.2,0.2,4.7,58.4,14.6,3.4,Ut4,11.6116116116116,69.8698698698699,18.5185185185185,SiLo,1.1,1.28,0.12,NA
FSUJ_013,1.41,0.47,4.1958041958042,68.5314685314685,27.2727272727273,0.1,0.2,3.9,46.1,11.2,11.2,Tu4,9.4,63.3,27.3,SiLo,0.3,1.53,0.15,NA
FSUJ_014,1.42,0.46,5.19480519480519,78.4215784215784,16.3836163836164,0.2,0.8,4.2,55.8,19.2,3.5,Ut3,11.1,72.5,16.4,SiLo,0.5,0.93,0.09,NA
FSUJ_015,1.36,0.49,5.70570570570571,81.0810810810811,13.2132132132132,0.3,0.9,4.5,59.8,11.9,9.3,Ut3,12.6126126126126,74.1741741741742,13.2132132132132,SiLo,0.4,0.96,0.09,NA
FSUJ_016,1.09,0.59,3.4034034034034,80.7807807807808,15.8158158158158,0.2,0.3,3,50.7,13.9,16.2,Ut3,8.60860860860861,75.5755755755756,15.8158158158158,SiLo,0.4,1.25,0.12,NA
FSUJ_017,1.28,0.52,6.9,70.1,23,0.1,0.1,6.7,60.4,6.5,3.3,Ut4,15.2,61.8,23,SiLo,0,1.24,0.12,NA
FSUJ_018,1.44,0.46,3.3,86.1,10.6,0.2,0.3,2.8,59.2,15.1,11.8,Ut2,9.2,80.2,10.6,Si,0.6,1.11,0.09,NA
FSUJ_019,1.46,0.45,2.1021021021021,83.3833833833834,14.5145145145145,0.1,0,2,60.9,10.8,11.6,Ut3,8.3,77.2,14.5,SiLo,0,0.92,0.1,NA
FSUJ_020,1.43,0.46,5.0949050949051,90.7092907092907,4.1958041958042,2.2,0.3,2.5,57.8,18.4,14.5,Uu,10.6,85.2,4.2,Si,13.3,0.78,0.08,NA
FSUJ_021,0.79,0.7,49.4494494494494,35.6356356356356,14.9149149149149,0.3,6.3,42.8,19.1,5.8,10.7,Sl4,56,29.1,14.9,SaLo,0.2,3.47,0.28,NA
FSUJ_022,0.76,0.71,52.5,47.4,0.1,0.9,7,44.6,33.5,7.8,6.1,Su4,61.4,38.5,0.1,SaLo,0.2,5.38,0.4,NA
FSUJ_023,1.24,0.53,71.8,28.1,0.1,3.6,40.8,27.4,13.5,9.2,5.4,Su3,75.3,24.6,0.1,LoSa,0.8,1.38,0.09,NA
FSUJ_024,0.91,0.66,15.9,73.9,10.2,0.5,3.6,11.8,23.1,25.9,24.9,Ut2,19.8,70,10.2,SiLo,0,2.13,0.13,NA
FSUJ_025,0.87,0.67,41.1,42.6,16.3,8.6,18.4,14,22.3,4.8,15.6,Slu,45.5,38.2,16.3,Lo,1.3,2.14,0.12,NA
FSUJ_026,0.73,0.72,32.6,55,12.4,4,7.8,20.9,36,8.9,10.2,Uls,39.9,47.7,12.4,Lo,1.4,7.73,0.55,NA
FSUJ_027,0.46,0.83,37.3,49.2,13.5,1.6,5.8,29.9,36.1,9.9,3.2,Slu,45.3,41.2,13.5,Lo,0,8.61,0.63,NA
FSUJ_028,0.54,0.8,61,33.7,5.3,5.8,21.2,34,23.4,6.4,3.9,Su3,67.1,27.6,5.3,SaLo,0.1,9.28,0.68,NA
FSUJ_029,0.56,0.79,51.3,41.7,7,1.8,16.4,33.1,26.8,11.7,3.2,Su4,57.8,35.2,7,SaLo,0.4,9.91,0.68,NA
FSUJ_030,0.54,0.8,55.9,44,0.1,2.5,13.5,39.8,23.7,4.8,15.5,Su4,62.8,37.1,0.1,SaLo,0.6,8.5,0.6,NA
FSUJ_031,0.47,0.82,46.7,43.4,9.9,7.7,10.8,28.3,20.3,8.6,14.5,Slu,52.052052052052,38.038038038038,9.90990990990991,Lo,0.4,9.24,0.61,NA
FSUJ_032,0.43,0.84,61.5,36.3,2.2,4.8,20.4,36.3,30.9,4.6,0.9,Su3,69.2,28.6,2.2,SaLo,1.6,12.29,0.87,NA
FSUJ_033,0.45,0.83,14.3,77.9,7.8,1,5.4,7.9,41.8,17.6,18.5,Us,20.6,71.6,7.8,SiLo,0,11.44,0.76,NA
FSUJ_034,0.88,0.67,16.2,64.6,19.2,0.1,2.4,13.7,19.5,5.5,39.6,Lu,20.5,60.3,19.2,SiLo,0,4.2,0.16,NA
FSUJ_035,0.93,0.65,4,88.5,7.5,0.2,0.9,2.9,41.4,20.8,26.3,Uu,8.3,84.2,7.5,Si,0,1.19,0.08,NA
FSUJ_036,0.65,0.75,5,57.5,37.5,0,0.1,4.8,21,10.8,25.7,Tu3,8.5,54,37.5,SiClLo,0,2.91,0.19,NA
FSUJ_037,0.98,0.63,5,79.6,15.4,0.1,1.2,3.7,17.5,21,41.1,Ut3,7.6,77,15.4,SiLo,0,1.69,0.13,NA
FSUJ_038,0.81,0.69,7.29270729270729,86.013986013986,6.69330669330669,1,1.3,5,37.5,14.9,33.7,Uu,12.1,81.2,6.7,Si,0.8,1.55,0.1,NA
FSUJ_039,0.95,0.64,3.6,73.8,22.6,0.1,0.4,3.1,32.6,18.6,22.6,Ut4,7.3,70.1,22.6,SiLo,0,1.76,0.12,NA
FSUJ_040,0.87,0.67,18.3816183816184,69.1308691308691,12.4875124875125,0.8,4.2,13.4,21,20.4,27.8,Ut3,22.2777222777223,65.2347652347652,12.4875124875125,SiLo,0.5,3.84,0.28,NA
FSUJ_041,0.88,0.67,21.8,55.7,22.5,1.2,6.4,14.1,24.4,11.6,19.7,Lu,26.5,51,22.5,SiLo,0,4.59,0.3,NA
FSUJ_042,0.8,0.7,4.8,61.5,33.7,0.6,3.8,0.4,10.9,23,27.6,Tu3,5.5055055055055,60.7607607607608,33.7337337337337,SiClLo,0.1,4.07,0.31,NA
FSUJ_043,0.86,0.68,4.7,80.8,14.5,0.1,1.4,3.2,34.8,19.9,26.1,Ut3,8.6,76.9,14.5,SiLo,0,3.93,0.3,NA
FSUJ_044,0.87,0.67,10.9,69.4,19.7,0.1,2.7,8,16.8,24,28.7,Ut4,13.5,66.8,19.7,SiLo,0,4.77,0.41,NA
FSUJ_045,0.81,0.69,4.4,82.5,13.1,0.1,1,3.3,32.2,21.8,28.5,Ut3,8.1,78.8,13.1,SiLo,0,5.07,0.38,NA
FSUJ_046,0.78,0.71,6.7,83.1,10.2,0.1,0.9,5.6,44.7,9.4,29.1,Ut2,12.6,77.2,10.2,SiLo,0,1.75,0.11,NA
FSUJ_047,0.87,0.67,10.4,80.9,8.7,0.3,1,9.1,35.9,19,26,Ut2,16.5,74.8,8.7,SiLo,0,1.79,0.12,NA
FSUJ_048,0.92,0.65,6.2,79.7,14.1,0.2,1.8,4.3,16.2,37.5,26,Ut3,8,77.9,14.1,SiLo,0,1.64,0.11,NA
FSUJ_049,1.03,0.61,16.1,64,19.9,0.4,4.4,11.3,18.1,20.7,25.1,Lu,19.3806193806194,60.7392607392607,19.8801198801199,SiLo,0.3,1.14,0.07,NA
KIT_001,0.95,0.64,19.7,56.7,23.6,5.8,7,6.9,21.4,25.1,10.2,Lu,22.8,53.6,23.6,SiLo,26.5,4.55,0.166,0.039
KIT_002,1.13,0.57,71,14.4,14.6,0.1,20.2,50.7,7.1,5,2.2,Sl4,74.5,10.9,14.6,SaLo,0.2,0.92,0.03,0.011
KIT_003,1.47,0.45,10.6,65.5,23.9,1.6,1.6,7.4,32.3,24.2,8.9,Ut4,15.7,60.4,23.9,SiLo,0.5,1.16,0.113,0.021
KIT_004,1.57,0.41,80,9,11,0,15.9,64.1,3.9,3.2,1.9,St2,81.9,7.1,11,LoSa,0.2,1.48,0.062,0.003
KIT_005,1.17,0.56,18.3,45.9,35.8,11.2,3.5,3.6,11.2,16.2,18.5,Lt3,19.9,44.3,35.8,SiClLo,31,2.9,0.348,0.042
KIT_006,1.12,0.58,10.4,62.8,26.8,1.1,1.6,7.7,30.1,24.2,8.6,Lu,15.1,58.1,26.8,SiLo,0.1,2.97,0.317,0.044
KIT_007,1.47,0.45,12,48.4,39.6,7.8,2,2.2,10.2,16.9,21.3,Lt3,13.3133133133133,47.047047047047,39.6396396396396,SiClLo,36,3.83,0.284,0.027
KIT_008,1.21,0.54,35.8358358358358,23.023023023023,41.1411411411411,0.1,3.8,32,10.4,6.4,6.2,Lts,40,18.9,41.1,Cl,0.1,4.25,0.503,0.055
KIT_009,0.89,0.66,3.4034034034034,56.5565565565566,40.04004004004,2.3,0.3,0.8,12.2,20.3,24,Tu3,4.5,55.5,40,SiCl,22.5,4.27,0.319,0.038
KIT_010,1.34,0.49,3.8961038961039,67.8321678321678,28.2717282717283,0.3,0.4,3.2,43.2,19.1,5.5,Tu4,8.4,63.3,28.3,SiClLo,0.5,2.78,0.135,0.01
KIT_011,1.34,0.49,73.4,15.8,10.8,0.1,26.2,47.1,8.4,4.8,2.6,Sl3,77.5,11.7,10.8,SaLo,0.4,1.6,0.06,0.018
KIT_012,1.42,0.46,57,25.2,17.8,0,11.5,45.5,14,7.2,4,Ls4,62.7,19.5,17.8,SaLo,0.6,0.75,0.029,0.02
KIT_013,0.37,0.86,14.5,42.6,42.9,10,2.6,1.9,8,16.5,18.1,Lt3,15.4845154845155,41.6583416583417,42.8571428571429,SiCl,37.3,19.26,1.021,0.14
KIT_014,0.59,0.78,5.8,54.8,39.4,3.9,0.6,1.3,21.5,14.7,18.6,Tu3,7.9,52.7,39.4,SiClLo,38.4,8.55,0.659,0.082
KIT_015,1.21,0.54,70.9,14.7,14.4,0.1,26.2,44.6,7.5,4.9,2.2,Sl4,74.6,11,14.4,SaLo,0.2,0.79,0.047,0.011
KIT_016,1.42,0.46,21.1,60.6,18.3,0.4,2,18.7,48.4,9.6,2.6,Lu,30.5,51.2,18.3,SiLo,0.2,2.92,0.097,0.003
KIT_017,1.6,0.4,36.4364364364364,35.9359359359359,27.6276276276276,17.3,11.7,7.4,6.7,14.1,15.2,Lt2,37.5375375375375,34.8348348348348,27.6276276276276,ClLo,29.6,9.07,0.645,0.06
KIT_018,0.78,0.71,6.6,38.9,54.5,0.1,1,5.5,10.1,14.5,14.2,Tu2,8.20820820820821,37.2372372372372,54.5545545545545,Cl,0.5,8.32,0.679,0.048
KIT_019,1.4,0.47,66.1661661661662,14.7147147147147,19.1191191191191,29.5,24.4,12.3,7.3,4.3,3.2,St3,67.8678678678679,13.013013013013,19.1191191191191,SaLo,59.2,1.15,0.076,0.011
KIT_020,1.05,0.6,4.49550449550449,72.3276723276723,23.1768231768232,0.4,1.1,3,45.2,21.6,5.6,Ut4,9.09090909090909,67.7322677322677,23.1768231768232,SiLo,0.8,4.01,0.341,0.039
KIT_021,1.03,0.61,19.3,45.1,35.6,16.9,1.3,1.1,9.1,19.1,17,Lt3,20.2,44.2,35.6,ClLo,37.6,4.19,0.333,0.033
KIT_022,1.07,0.6,7.1,56.1,36.8,5.5,0.6,1,15.1,20.5,20.6,Tu3,8.4,54.8,36.8,SiClLo,46.8,4.69,0.496,0.046
KIT_023,1.15,0.57,7.4,53.3,39.3,4.8,0.6,2,13.1,18.3,21.9,Tu3,9,51.7,39.3,SiClLo,35.3,1.16,0.163,0.028
KIT_024,1.23,0.54,4.2,66.6,29.2,0.3,0.3,3.6,42.2,18.8,5.6,Tu4,8.8,62,29.2,SiClLo,0.4,2.83,0.167,0.003
KIT_025,1.56,0.41,61.9,21.6,16.5,0.1,10.8,51,11.6,4.8,5.2,Sl4,67.6,15.9,16.5,SaLo,0.3,0.66,0.048,0.008
KIT_026,1.24,0.53,8.7,71,20.3,2.3,2.4,4,35.3,26.2,9.5,Ut4,12.8,66.9,20.3,SiLo,1.5,1.78,0.07,0.003
KIT_027,0.83,0.69,16,46,38,12.2,2.6,1.3,8.6,19.4,18,Lt3,16.9,45.1,38,SiClLo,28.1,NA,NA,NA
KIT_028,1.25,0.53,6.3063063063063,53.1531531531531,40.5405405405405,5.2,0.3,0.8,11.4,20.2,21.5,Tu3,7.30730730730731,52.1521521521521,40.5405405405405,SiCl,36.9,1.46,0.186,0.024
KIT_029,0.87,0.67,7.90790790790791,58.5585585585586,33.5335335335335,1.1,2.5,4.3,28.1,20.9,9.6,Tu3,11.6,54.9,33.5,SiClLo,1.4,3.62,0.365,0.041
KIT_030,0.9,0.66,21.7217217217217,42.042042042042,36.2362362362362,12,6.9,2.8,7.7,14.5,19.8,Lt3,22.7,41.1,36.2,ClLo,21.9,3.92,0.396,0.03
KIT_031,1.31,0.51,12.3,68.3,19.4,2.3,1.9,8.1,33.1,25.8,9.4,Ut4,17.5,63.1,19.4,SiLo,0.9,1.55,0.087,0.013
KIT_032,0.78,0.71,11.9,53.5,34.6,0.9,2.7,8.3,24.6,20.9,8,Tu3,15.9,49.5,34.6,SiClLo,1,5.22,0.536,0.063
KIT_033,0.85,0.68,64.2,17.5,18.3,34.2,19.6,10.3,6,6.3,5.2,Ls4,65.5344655344655,16.1838161838162,18.2817182817183,SaLo,41.9,6.52,0.421,0.045
KIT_034,1.28,0.52,73.8,14.3,11.9,0,23.1,50.7,7.1,5.1,2.1,Sl3,77.3,10.8,11.9,SaLo,0.1,1.24,0.056,0.01
KIT_035,1.44,0.46,4.3,66.7,29,0.4,0.6,3.2,42.4,18.8,5.5,Tu4,8.8,62.2,29,SiClLo,1.1,2.94,0.169,NA
KIT_036,1.09,0.59,75.3246753246753,14.0859140859141,10.5894105894106,0,24.9,50.5,6.8,4.9,2.4,Sl3,78.7,10.7,10.6,SaLo,0.3,2.56,0.143,0.018
KIT_037,1.5,0.43,35,44.9,20.1,0.5,8.8,25.7,24.5,14.8,5.6,Ls2,40.5,39.4,20.1,Lo,0.6,1.07,0.124,0.01
KIT_038,1.25,0.53,31.6683316683317,48.4515484515485,19.8801198801199,11.9,11,8.8,23.6,18.9,5.9,Ls2,35.4,44.7,19.9,Lo,46.8,1.32,0.08,0.016
KIT_039,0.94,0.65,2.4,59.4,38.2,1,0.6,0.8,11.7,23.7,24,Tu3,3.4,58.4,38.2,SiClLo,38.4,9.88,0.695,0.078
KIT_040,1.49,0.44,76.8768768768769,3.6036036036036,19.5195195195195,0.1,2.1,74.7,1,1.3,1.3,St3,77.3,3.2,19.5,SaLo,0,0.14,0.016,0.008
KIT_041,0.93,0.65,6.5,50.7,42.8,4.6,0.7,1.2,10.1,19.6,21,Tu3,7.5,49.7,42.8,SiCl,34.7,3.23,0.294,0.023
KIT_042,1.13,0.57,10.9,50.1,39,6.9,2.2,1.8,12.9,15.4,21.8,Tu3,12.5,48.5,39,SiClLo,40.1,3.3,0.403,0.038
KIT_043,1.4,0.47,53.8461538461538,28.0719280719281,18.0819180819181,0,7.9,46,13.8,9.9,4.4,Ls4,59.5404595404595,22.3776223776224,18.0819180819181,SaLo,0.1,0.74,0.046,0.011
KIT_044,0.71,0.73,11.1,47.3,41.6,7.8,1.7,1.6,12.6,17.2,17.5,Lt3,12.5,45.9,41.6,SiCl,40.9,9.46,0.646,0.07
KIT_045,1.37,0.48,15.4845154845155,53.046953046953,31.4685314685315,0.6,1.1,13.8,32.5,14.2,6.4,Tu3,21.5,47,31.5,ClLo,0.5,3.26,0.339,0.014
KIT_046,1.2,0.55,81.8181818181818,8.69130869130869,9.49050949050949,0,22,59.8,3.5,3.5,1.7,St2,83.6,6.9,9.5,LoSa,0.3,0.85,0.028,0.005
KIT_047,1.52,0.43,7.6,34.5,57.9,0.9,1.3,5.5,11.2,13.9,9.4,Tu2,9.5,32.6,57.9,Cl,0.9,0.47,0.071,0
KIT_048,1.23,0.54,73.4734734734735,13.6136136136136,12.9129129129129,0.1,27.3,46.1,5.7,4.8,3.1,Sl4,76.2762762762763,10.8108108108108,12.9129129129129,SaLo,0,0.83,0.018,0.011
KIT_049,1.3,0.51,4.4,66.3,29.3,0.5,0.6,3.4,42.5,18,5.7,Tu4,9,61.7,29.3,SiClLo,1.3,2.93,0.18,0.001
KIT_050,0.78,0.71,63.4,21,15.6,0,11.2,52.1,11,6.1,4,Sl4,68.7,15.7,15.6,SaLo,1.6,3.86,0.287,0.028
KIT_051,1.27,0.52,5.1,73.1,21.8,1,1.2,2.8,44.9,22.4,5.8,Ut4,9.50950950950951,68.6686686686687,21.8218218218218,SiLo,2.2,1.48,0.136,0.015
KIT_052,1.53,0.42,14.3856143856144,50.9490509490509,34.6653346653347,3.1,2.2,9.1,22.4,19.4,9.1,Tu3,18.1,47.2,34.7,SiClLo,1.9,1.08,0.123,0.006
KIT_053,1.3,0.51,68,17.3,14.7,0.2,14.1,53.7,9.7,4.5,3.2,Sl4,72.7,12.6,14.7,SaLo,0.9,0.5,0.039,0.006
KIT_054,1.48,0.44,79.1,8.6,12.3,1.7,60.9,16.5,3.3,2.6,2.7,St2,79.8,7.9,12.3,SaLo,0.6,1.6,0.14,0.008
KIT_055,1,0.62,14,55.2,30.8,0.9,1.7,11.5,27.5,20.2,7.5,Tu3,18.8,50.4,30.8,SiClLo,NA,3.26,0.357,0.044
KIT_056,1.32,0.5,73.8,13.6,12.6,0.1,21,52.7,6.6,4.9,2.1,Sl4,77.1,10.3,12.6,SaLo,0,0.81,0.038,0.007
KIT_057,1.18,0.55,3.7,66.8,29.5,0.3,0.5,2.9,42.9,18.7,5.2,Tu4,8.1,62.4,29.5,SiClLo,0.7,2.79,0.185,0.008
KIT_058,1.54,0.42,53.6,30.7,15.7,0.1,11.3,42.2,16,10.4,4.3,Sl4,59.2,25.1,15.7,SaLo,0.3,0.83,0.041,0.005
KIT_059,1.27,0.52,22.4775224775225,33.4665334665335,44.0559440559441,0.2,2.6,19.7,15.6,9.9,8,Lt3,26.3,29.6,44.1,Cl,0.3,3.23,0.364,0.034
KIT_060,1.33,0.5,24.1,40.1,35.8,18.2,3.8,2.1,8.5,13.8,17.8,Lt3,25.2252252252252,38.9389389389389,35.8358358358358,ClLo,34.3,1.22,0.209,0.01
KIT_061,0.9,0.66,12,67.8,20.2,2.1,1.9,8,32.7,25.3,9.9,Ut4,17.1828171828172,62.6373626373626,20.1798201798202,SiLo,1.6,2.92,0.188,0.02
KIT_062,1,0.62,14.1,52.4,33.5,0.9,2.3,10.8,24.9,18.8,8.8,Tu3,18.4,48.1,33.5,SiClLo,0.4,4.37,0.456,0.054
KIT_063,1.59,0.4,99.8,0.1,0.1,11.8,12.6,75.7,0,0,0,Ss,99.9,0,0.1,Sa,0.2,5.9,0.033,NA
KIT_064,1.33,0.5,21.4,44.3,34.3,13.9,4.8,2.7,9.9,14.8,19.5,Lt2,22.8,42.9,34.3,ClLo,41.3,2.51,0.342,0.029
KIT_065,1.59,0.4,31.5,47.8,20.7,0.6,7.5,23.4,25.7,16,6.1,Ls2,37,42.3,20.7,Lo,0.3,0.8,0.094,0.011
KIT_066,1.09,0.59,53.7537537537537,30.4304304304304,15.8158158158158,0.1,13.4,40.2,14.9,10.4,5.2,Sl4,59,25.2,15.8,SaLo,0.3,3.88,0.236,0.027
KIT_067,1.66,0.37,54.9,33,12.1,6,31.1,17.8,22.1,8.1,2.8,Sl4,59.2,28.7,12.1,SaLo,3.6,0.75,0.067,0.014
KIT_068,0.94,0.65,16.6,45.8,37.6,9.5,4.5,2.6,7.8,17.5,20.5,Lt3,17.5,44.9,37.6,SiClLo,14.6,5.06,0.582,0.055
KIT_069,1.32,0.5,20.6206206206206,41.3413413413413,38.038038038038,15,3.6,2,9.2,16.9,15.2,Lt3,21.8,40.2,38,ClLo,30.2,1.35,0.227,0.012
KIT_070,0.79,0.7,26.5,50.1,23.4,11,9.7,5.8,24.5,19.2,6.4,Lu,30.2,46.4,23.4,Lo,35.2,4.34,0.17,0.033
KIT_071,1.16,0.56,70.6,15.9,13.5,0,19.3,51.2,7.9,5.6,2.4,Sl4,74.4255744255744,12.0879120879121,13.4865134865135,SaLo,0.2,0.82,0.024,0.009
KIT_072,1.15,0.57,19.9,44,36.1,13,4.3,2.6,9.5,15,19.6,Lt3,21.1211211211211,42.7427427427427,36.1361361361361,ClLo,25.8,3.65,0.463,0.042
KIT_073,1.23,0.54,41.5,26,32.5,0.1,6.2,35.2,15.1,5.3,5.6,Lts,46.7,20.8,32.5,SaClLo,0,2.65,0.308,0.031
KIT_074,0.88,0.67,4.5,55.1,40.4,2.6,0.7,1.3,13.7,21.1,20.3,Tu3,5.8,53.8,40.4,SiCl,8.2,5.96,0.665,0.073
KIT_075,0.97,0.63,66.8,20.4,12.8,0.1,12.5,54.3,13.2,4.8,2.4,Sl4,73.2,14,12.8,SaLo,1.2,2.74,0.221,0.024
KIT_076,1.21,0.54,19.3806193806194,46.2537462537463,34.3656343656344,10.8,5,3.6,10.7,15.9,19.7,Lt2,20.9,44.7,34.4,ClLo,33.8,3.37,0.431,0.04
KIT_077,1.22,0.54,4.6,72.8,22.6,0.8,1.1,2.7,44.2,22.8,5.7,Ut4,9,68.4,22.6,SiLo,0.3,2.3,0.232,0.026
KIT_078,1.05,0.6,22.7,43.1,34.2,15.6,4.5,2.6,11,13.3,18.8,Lt2,24.3,41.5,34.2,ClLo,30.6,3.84,0.468,0.04
KIT_079,0.95,0.64,14.3,57.8,27.9,0.6,1.7,12,28.9,20.8,8.2,Lu,19.3,52.8,27.9,SiClLo,0.5,3.47,0.389,0.044
KIT_080,1.08,0.59,17.7,45.1,37.2,10.2,4.6,2.9,10,15.5,19.5,Lt3,19.1,43.7,37.2,SiClLo,25.9,5.2,0.607,0.053
KIT_081,0.9,0.66,7.5,50.1,42.4,4.1,2.3,1.1,10.5,21,18.6,Tu3,8.49150849150849,49.1508491508492,42.3576423576424,SiCl,38,4.41,0.311,0.033
KIT_082,1.5,0.43,14.8,52.3,32.9,3.6,2.2,9.1,24,20.2,8,Tu3,18.8,48.3,32.9,SiClLo,4.1,0.94,0.12,0.008
KIT_083,1.12,0.58,81.1,8.2,10.7,0.2,14.3,66.7,3.8,2.8,1.7,St2,82.9170829170829,6.39360639360639,10.6893106893107,LoSa,0.4,0.97,0.046,0.008
KIT_084,1.26,0.52,20.1201201201201,45.5455455455455,34.3343343343343,11.7,5.4,3.1,10.4,15.9,19.3,Lt2,21.6,44.1,34.3,ClLo,35.1,2.97,0.398,0.026
KIT_085,0.9,0.66,24.7,44.6,30.7,16.3,4.9,3.5,24.1,3.7,16.8,Lt2,28.2,41.1,30.7,ClLo,30.6,6.71,0.477,0.045
KIT_086,0.78,0.71,6.2,56.7,37.1,4.2,0.6,1.4,16.3,19.2,21.2,Tu3,7.8,55.1,37.1,SiClLo,45,8.4,0.6,0.068
KIT_087,1.11,0.58,70.2,15,14.8,0.1,19,51.2,7.8,4.9,2.3,Sl4,74,11.2,14.8,SaLo,0.2,0.99,0.038,0.01
KIT_088,0.8,0.7,15.4,50.4,34.2,0.7,2.9,11.9,23.9,17,9.5,Tu3,19.7802197802198,46.053946053946,34.1658341658342,SiClLo,0.3,5.35,0.56,0.062
KIT_089,1.24,0.53,73.3733733733734,15.2152152152152,11.4114114114114,0.1,14.6,58.6,9.1,4.2,1.9,Sl3,77.8,10.8,11.4,SaLo,0.2,2.01,0.139,0.018
KIT_090,1.1,0.58,14,51.9,34.1,1.1,2.4,10.5,24.6,19.3,8,Tu3,18.2,47.7,34.1,SiClLo,0.2,4.23,0.443,0.044
KIT_091,1.49,0.44,59.1408591408591,23.4765234765235,17.3826173826174,0.1,12.5,46.6,12,7.3,4.1,Ls4,64.6,18,17.4,SaLo,0.1,0.78,0.043,0.009
KIT_092,1.24,0.53,10,50.4,39.6,7.3,1.3,1.4,11.4,17.9,21.2,Tu3,11.2,49.2,39.6,SiClLo,33.8,2.38,0.316,0.022
KIT_093,1.24,0.53,26.3,50.5,23.2,2.2,5.1,18.9,21.4,17.5,11.6,Lu,30.7692307692308,46.0539460539461,23.1768231768232,Lo,4.6,1.9,0.102,0.009
KIT_094,1.05,0.6,21.3,31.8,46.9,0.1,2.2,18.9,14.7,8.6,8.5,Tu2,25,28.1,46.9,Cl,0.4,5.56,0.6,0.067
KIT_095,1.44,0.46,62,23.3,14.7,0.3,10.1,51.6,14.2,5.3,3.8,Sl4,68.3,17,14.7,SaLo,1.9,1.14,0.07,0.013
KIT_096,1.15,0.57,14.5,54.5,31,2,3.6,8.9,26.4,21,7.1,Tu3,18.8,50.2,31,SiClLo,0.2,3.9,0.414,0.043
KIT_097,0.75,0.72,5.99400599400599,55.4445554445554,38.5614385614386,4.7,0.5,0.7,17.2,21.3,16.9,Tu3,7.39260739260739,54.045954045954,38.5614385614386,SiClLo,49.6,10.56,0.828,0.084
KIT_098,0.96,0.64,4.6046046046046,59.1591591591592,36.2362362362362,1.4,1.3,1.9,16,21.4,21.8,Tu3,6.4,57.4,36.2,SiClLo,6,2.84,0.335,0.035
KIT_099,1.39,0.48,33.4665334665335,24.3756243756244,42.1578421578422,0.1,4,29.4,10.5,7,7,Lts,37.4,20.4,42.2,Cl,4.4,1.62,0.178,0.015
KIT_100,1.25,0.53,83.3,6.8,9.9,0,10.7,72.6,2.9,2.9,1.1,St2,84.7,5.4,9.9,LoSa,2.3,0.3,0.02,0.009
KIT_101,0.87,0.67,10.4,38.8,50.8,0.3,1.3,8.8,14.5,13.7,10.5,Tu2,13.1,36.1,50.8,Cl,0.1,7.44,0.817,0.097
KIT_102,1.09,0.59,6.5,52.6,40.9,4.7,0.7,1.2,10.7,19,22.9,Tu3,7.6,51.5,40.9,SiCl,29.2,3.29,0.409,0.032
KIT_103,0.92,0.65,43,30.1,26.9,15.2,11.9,15.9,8.3,9.8,12,Lt2,45.2,27.9,26.9,Lo,30.5,2.35,0.237,0.022
KIT_104,1.13,0.57,52.8,24.2,23,0.1,13.1,39.6,13.8,6.1,4.3,Ls4,58,19,23,SaClLo,0.6,3.37,0.267,0.021
KIT_105,1.1,0.58,19.4194194194194,44.6446446446446,35.9359359359359,6.3,3.8,9.4,9.3,17,18.4,Lt3,21.2,42.9,35.9,ClLo,36.5,3.38,0.412,0.037
KIT_106,0.58,0.78,10.9,47,42.1,8,1.7,1.2,12.3,17.9,16.9,Lt3,12.1,45.8,42.1,SiCl,43.1,NA,NA,NA
KIT_107,1.63,0.38,58.1,25.6,16.3,5.6,27.7,24.7,9.5,9.1,7,Sl4,60.9,22.8,16.3,SaLo,5.7,1.24,0.135,0.014
KIT_108,1.05,0.6,26.6,38.7,34.7,19.4,5.4,1.9,7.6,14.3,16.8,Lt2,27.5275275275275,37.7377377377377,34.7347347347347,ClLo,49,4.65,0.539,0.048
KIT_109,1.11,0.58,18.1,44.1,37.8,10.6,5.5,2,7.2,15.7,21.2,Lt3,18.981018981019,43.2567432567433,37.7622377622378,SiClLo,19.5,2.2,0.313,0.027
KIT_110,1.25,0.53,41.1,26,32.9,0.1,5.8,35.2,12.6,8.7,4.7,Lts,45.8,21.3,32.9,SaClLo,0.1,2.98,0.331,0.037
KIT_111,0.6,0.77,8.1,53.9,38,5.8,0.6,1.6,12.6,19.9,21.4,Tu3,9.5,52.5,38,SiClLo,14.8,5.19,0.516,0.058
KIT_112,1.09,0.59,26.4,39.7,33.9,16.2,6.6,3.7,8.3,14.9,16.5,Lt2,27.6,38.5,33.9,ClLo,47.4,3.39,0.452,0.044
KIT_113,1.33,0.5,62.6,16.5,20.9,24.4,25.1,13.1,6.5,5.9,4.2,Ls4,64.1,15,20.9,SaClLo,58.8,2.6,0.173,0.018
KIT_114,1.4,0.47,14,38.3,47.7,2.4,2.4,9.3,14.8,12.3,11.2,Tu2,16.8,35.5,47.7,Cl,0.2,1.57,0.182,0.016
KIT_115,1.06,0.6,12.3,47.9,39.8,10.4,0.8,1.1,9.5,17.1,21.3,Lt3,13.2,47,39.8,SiClLo,30.3,2.46,0.32,0.029
KIT_116,1.06,0.6,13.5,48.7,37.8,10.1,1.9,1.5,12.1,17.6,19,Lt3,14.8,47.4,37.8,SiClLo,26.7,3.32,0.419,0.039
KIT_117,1.23,0.54,6.8,53.6,39.6,5.6,0.4,0.7,13.8,18.9,21,Tu3,7.9,52.5,39.6,SiClLo,46.2,1.66,0.199,0.026
KIT_118,1.41,0.47,58.5,25.5,16,0.1,11.7,46.7,13.6,7.9,4,Sl4,64.2,19.8,16,SaLo,0.2,1.84,0.115,0.014
KIT_119,1.13,0.57,9.29070929070929,51.6483516483516,39.0609390609391,5.6,0.6,3,12.4,18.4,21,Tu3,11,49.9,39.1,SiClLo,32,3.47,0.434,0.041
KIT_120,1.21,0.54,55,26.1,18.9,0.1,14,40.8,16,6.4,3.7,Ls4,60.6,20.5,18.9,SaLo,0.2,2.66,0.229,0.017
KIT_121,1.67,0.37,65.7342657342657,17.982017982018,16.2837162837163,0.3,5.5,60,9.7,5.4,2.8,Sl4,70.5,13.2,16.3,SaLo,1.2,0.66,0.077,0.01
KIT_122,1.58,0.4,61.7,16.1,22.2,0.2,14.5,47.1,7.1,5.4,3.5,Ls4,65.2,12.6,22.2,SaClLo,0.3,0.37,0.035,0.006
KIT_123,0.92,0.65,45,28.7,26.3,11.9,10.6,22.5,6.9,9.6,12.2,Lts,47.6,26.1,26.3,SaClLo,30.3,2.51,0.241,0.025
KIT_124,1.05,0.6,52.3523523523523,26.1261261261261,21.5215215215215,0.2,13.2,38.9,14.9,6,5.2,Ls4,57.6576576576577,20.8208208208208,21.5215215215215,SaClLo,1.2,2.83,0.225,0.024
KIT_125,1.57,0.41,79.1,8.8,12.1,1.8,59.1,18.3,3.4,3.2,2.3,St2,79.9,8,12.1,SaLo,0.5,1.75,0.156,0.011
KIT_126,1.21,0.54,7.6,51.6,40.8,5.5,0.8,1.3,9.9,19.2,22.5,Tu3,8.7,50.5,40.8,SiCl,37.5,3.48,0.437,0.037
KIT_127,1.5,0.43,48.8,24,27.2,0,14.5,34.2,11.4,9,3.6,Lts,53,19.8,27.2,SaClLo,0.4,0.14,0.026,0.01
KIT_128,1.11,0.58,4.2042042042042,66.8668668668669,28.9289289289289,0.5,0.8,2.9,43.5,18,5.4,Tu4,8.7,62.4,28.9,SiClLo,1.3,2.99,0.197,0.002
KIT_129,1,0.62,7.09290709290709,56.7432567432567,36.1638361638362,2.5,1.3,3.3,14.3,19.5,23,Tu3,9.09090909090909,54.7452547452547,36.1638361638362,SiClLo,3.2,2.94,0.371,0.042
KIT_130,1.37,0.48,11.8118118118118,48.8488488488489,39.3393393393393,6.9,1.8,3.2,10.1,17.4,21.3,Lt3,13.2132132132132,47.4474474474475,39.3393393393393,SiClLo,27.5,2.18,0.304,0.023
KIT_131,1.46,0.45,20.2,61.5,18.3,0.4,2,17.8,49.2,9.8,2.6,Lu,29.6,52.1,18.3,SiLo,0.2,2.66,0.088,0
KIT_132,1.23,0.54,12.2,48.6,39.2,10,0.9,1.2,10.5,16.8,21.3,Lt3,13.3,47.5,39.2,SiClLo,40.9,3.96,0.481,0.038
KIT_133,1.62,0.39,37.2,42.5,20.3,0.4,9.5,27.3,22.6,14.1,5.8,Ls2,42.6,37.1,20.3,Lo,0.1,0.65,0.084,0.01
KIT_134,1.29,0.51,37.8621378621379,43.0569430569431,19.0809190809191,0.2,9.6,28.1,24.3,13.3,5.5,Ls2,43.6,37.3,19.1,Lo,0.1,2.83,0.311,0.033
KIT_135,1.42,0.46,24.3756243756244,54.4455544455544,21.1788211788212,3.3,3.4,17.7,24.2,18.9,11.3,Lu,29.2,49.6,21.2,Lo,8.4,1.95,0.111,0.009
KIT_136,1.74,0.34,80.1198801198801,8.09190809190809,11.7882117882118,2.3,62.4,15.5,2.8,3.1,2.2,St2,80.5194805194805,7.69230769230769,11.7882117882118,SaLo,0.8,0.63,0.054,0.006
KIT_137,0.72,0.73,5.8,57.9,36.3,3.1,1,1.7,13.3,20.2,24.5,Tu3,7.29270729270729,56.4435564435564,36.2637362637363,SiClLo,25.2,9.28,0.66,0.072
KIT_138,1.11,0.58,14.3856143856144,47.3526473526474,38.2617382617383,11,1.5,1.8,11.4,17.4,18.6,Lt3,15.7,46,38.3,SiClLo,31.1,3.36,0.437,0.04
KIT_139,1.54,0.42,42.4575424575425,27.2727272727273,30.2697302697303,0.1,6.3,36.1,13,8.1,6.2,Lts,47.2527472527472,22.4775224775225,30.2697302697303,SaClLo,0.1,1.03,0.116,0.017
KIT_140,0.57,0.78,35.1,36.4,28.5,19.2,9.2,6.7,14.4,14.7,7.4,Lt2,37.4,34.1,28.5,ClLo,47.4,10.1,0.399,0.078
KIT_141,0.93,0.65,8.10810810810811,56.0560560560561,35.8358358358358,6.8,0.4,0.9,15.4,19,21.6,Tu3,9.5,54.7,35.8,SiClLo,27.2,3.35,0.312,0.029
KIT_142,1.49,0.44,12.6,38.6,48.8,1.3,2.2,9.1,15.3,13.6,9.6,Tu2,15.4,35.8,48.8,Cl,0.1,0.97,0.109,0.01
KIT_143,1.07,0.6,59.3,24.1,16.6,5.2,15.1,38.9,7,9,8.2,Sl4,62.6,20.8,16.6,SaLo,33.1,0.2,0.067,0.004
KIT_144,0.89,0.66,4.9,58.6,36.5,3,0.6,1.3,18.9,20.7,19.1,Tu3,6.69330669330669,56.8431568431568,36.4635364635365,SiClLo,7.2,6.44,0.732,0.076
KIT_145,1.14,0.57,71.3,13.6,15.1,0.1,20.2,51.1,6.3,5,2.3,Sl4,74.4,10.5,15.1,SaLo,0.1,1.05,0.055,0.012
KIT_146,1.35,0.49,18.7,45.7,35.6,2.3,3.6,12.8,22.7,15.7,7.3,Lt3,22.9,41.5,35.6,ClLo,2.1,2.14,0.279,0.078
KIT_147,1.38,0.48,20.4,33.3,46.3,0.4,2.2,17.8,16.5,9.1,7.7,Tu2,24.3,29.4,46.3,Cl,0.4,2.23,0.257,0.078
KIT_148,1.44,0.46,27.9,22.1,50,0,0.3,27.6,11.9,6.1,4.1,Tl,32.0679320679321,17.982017982018,49.95004995005,Cl,0,0.3,0.049,0.006
KIT_149,1.19,0.55,74.9,14,11.1,0.1,23,51.9,6.4,5.4,2.3,Sl3,78,10.9,11.1,SaLo,0.1,1.57,0.108,0.063
KIT_150,1.6,0.4,44.6,25.5,29.9,8.5,14.3,21.8,11.8,9,4.7,Lts,47.9,22.2,29.9,SaClLo,22.3,0.66,0.089,0.009
KIT_151,0.99,0.63,27.5,42,30.5,8.4,9.6,9.5,15.7,17.7,8.6,Lt2,30.1301301301301,39.3393393393393,30.5305305305305,ClLo,11.6,6.69,0.54,0.123
KIT_152,1.18,0.55,45.8,31.2,23,0.1,1.1,44.6,20.5,6.4,4.3,Ls3,52.7472527472527,24.2757242757243,22.977022977023,SaClLo,1.4,1.55,0.126,0.059
KIT_153,1.27,0.52,63.6,21.8,14.6,0.1,15.2,48.3,12.8,5.4,3.6,Sl4,69.3,16.1,14.6,SaLo,1.2,2.86,0.206,0.079
KIT_154,1.42,0.46,47.2,25.9,26.9,6.7,15.1,25.4,11.4,9.3,5.3,Lts,50.6,22.5,26.9,SaClLo,6.4,2.35,0.257,0.027
KIT_155,0.88,0.67,10.2,52.7,37.1,8.9,0.6,0.7,8.9,19.4,24.4,Tu3,10.9,52,37.1,SiClLo,38.6,9.83,0.739,0.154
KIT_156,0.97,0.63,21.8,41.5,36.7,15.1,5,1.7,8.5,14.5,18.5,Lt3,22.9,40.4,36.7,ClLo,43.2,6.31,0.65,0.114
KIT_157,1.65,0.38,54,33.4,12.6,5.6,29.9,18.5,23,7.7,2.7,Sl4,58.5,28.9,12.6,SaLo,3.2,1.22,0.121,0.068
KIT_158,1.05,0.6,8.1,56.1,35.8,2.7,1.8,3.5,13,20.7,22.4,Tu3,9.9,54.3,35.8,SiClLo,5.2,3.29,0.395,0.07
KIT_159,1.61,0.39,44.8,25.4,29.8,6.9,14.1,23.9,12.2,9.2,4,Lts,48.3,21.9,29.8,SaClLo,27.7,0.73,0.102,0.009
KIT_160,1.25,0.53,76.3,13.9,9.8,0.1,25.2,51,6.9,4.7,2.4,Sl3,79.7,10.5,9.8,SaLo,0.1,1.56,0.108,0.06
KIT_161,1.02,0.62,48.8,19.8,31.4,0.2,2.9,45.7,13.2,3.6,2.9,Lts,54.7,13.9,31.4,SaClLo,0.4,5,0.518,0.118
KIT_162,1.54,0.42,45.3,22.4,32.3,0.2,6.7,38.4,7.6,8,6.7,Lts,48.948948948949,18.7187187187187,32.3323323323323,SaClLo,0.1,0.99,0.109,0.016
KIT_163,1.16,0.56,63.7637637637638,19.6196196196196,16.6166166166166,0.5,4.8,58.5,9.8,5.7,4.1,Sl4,68.6,14.8,16.6,SaLo,2.3,2.68,0.195,0.061
KIT_164,0.76,0.71,7.2,50.5,42.3,4.4,1.4,1.4,9.7,19,21.9,Tu3,8.2,49.5,42.3,SiCl,23.5,NA,NA,NA
KIT_165,0.97,0.63,53.7,28.4,17.9,5.9,27.3,20.5,10.9,10.2,7.3,Ls4,56.3436563436563,25.7742257742258,17.8821178821179,SaLo,3.6,4.6,0.335,0.105
KIT_166,1.49,0.44,35,24.5,40.5,0.4,3.7,30.9,11.7,6.9,5.9,Lts,39.2,20.3,40.5,Cl,0.2,1.2,0.139,0.016
KIT_167,1.26,0.52,24.7,42.5,32.8,15.9,6.2,2.6,9.8,14.5,18.2,Lt2,26,41.2,32.8,ClLo,42.8,4.1,0.481,0.109
KIT_168,1.58,0.4,53,34.3,12.7,4.8,29.9,18.3,23.8,7.8,2.6,Sl4,57.6,29.7,12.7,SaLo,1.9,1.36,0.136,0.054
KIT_169,0.98,0.63,24.2,40.9,34.9,14.1,6.4,3.6,7.9,13.7,19.3,Lt2,25.3,39.8,34.9,ClLo,25.5,4.61,0.471,0.108
KIT_170,0.69,0.74,3.5964035964036,61.3386613386613,35.0649350649351,2.2,0.4,1.1,17.6,21.8,22,Tu3,5.1,59.8,35.1,SiClLo,20.2,5.87,0.503,0.061
KIT_171,1.02,0.62,18.5814185814186,43.5564435564436,37.8621378621379,11.3,4.8,2.5,8,15,20.6,Lt3,19.5804195804196,42.5574425574426,37.8621378621379,SiClLo,15.6,3.39,0.419,0.079
KIT_172,1.34,0.49,45.7,27.8,26.5,7.4,14.4,23.9,13.3,9.6,4.9,Lts,49.3,24.2,26.5,SaClLo,1.9,2.51,0.278,0.031
KIT_173,1.19,0.55,35.8,22.9,41.3,0.1,3.9,31.9,9.9,6.5,6.5,Lts,39.9,18.8,41.3,Cl,0.4,4.51,0.489,0.06
KIT_174,0.9,0.66,7,51.6,41.4,4.3,1.6,1,8.5,20.7,22.5,Tu3,7.79220779220779,50.8491508491509,41.3586413586414,SiCl,23.2,3.69,0.35,0.085
KIT_175,1.46,0.45,49.5,24.6,25.9,11.2,15.7,22.7,11.5,8.9,4.1,Lts,52.7472527472527,21.3786213786214,25.8741258741259,SaClLo,13.8,2.57,0.28,0.032
KIT_176,1.44,0.46,84.9150849150849,5.59440559440559,9.49050949050949,0,0.3,84.7,2.2,2,1.4,St2,86,4.5,9.5,LoSa,0,0.41,0.036,0.04
KIT_177,1.17,0.56,13.6,53.8,32.6,1.6,2.8,9.1,26.3,20.1,7.4,Tu3,17.9,49.5,32.6,SiClLo,0.5,3.96,0.412,0.05
KIT_178,1.09,0.59,5.2,52.9,41.9,3.8,0.5,0.9,11.2,20.5,21.2,Tu3,6.2,51.9,41.9,SiCl,36.2,1.7,0.203,0.062
KIT_179,1.24,0.53,64.3643643643644,17.2172172172172,18.4184184184184,32.7,20.8,10.9,6,6.5,4.7,Ls4,65.7657657657658,15.8158158158158,18.4184184184184,SaLo,49.5,3.23,0.249,0.075
KIT_180,1.19,0.55,23.8,40.5,35.7,14.8,6.8,2.2,6.1,13.4,20.9,Lt3,24.5245245245245,39.7397397397397,35.7357357357357,ClLo,32.1,2.7,0.309,0.057
KIT_181,1.54,0.42,54.5454545454545,24.3756243756244,21.0789210789211,0.1,13.2,41.3,11.8,8.5,4.1,Ls4,59.4405594405594,19.4805194805195,21.0789210789211,SaClLo,0.2,1.03,0.118,0.049
KIT_182,1.17,0.56,33.2,25.5,41.3,0,0.3,32.8,15.6,5.9,4,Lts,38.3616383616384,20.3796203796204,41.2587412587413,Cl,0.3,0.46,0.04,0.019
KIT_183,0.77,0.71,23.7237237237237,40.9409409409409,35.3353353353353,10.7,5.2,7.8,9.6,15.7,15.6,Lt3,25.4,39.3,35.3,ClLo,31.8,NA,NA,NA
KIT_184,1.06,0.6,4.8048048048048,55.8558558558559,39.3393393393393,3.7,0.5,0.7,12.6,20.7,22.5,Tu3,5.9,54.8,39.3,SiClLo,42.2,4.04,0.353,0.09
KIT_185,1.67,0.37,46,24.3,29.7,7.5,14.4,24.1,11.5,9,3.8,Lts,49.4,20.9,29.7,SaClLo,27.6,0.73,0.075,0.025
KIT_186,1.49,0.44,10.8,66,23.2,1.4,1.8,7.6,32.9,25,8.1,Ut4,16,60.8,23.2,SiLo,0.3,1.21,0.137,0.049
KIT_187,1.41,0.47,5.5,65.8,28.7,0.8,1,3.6,41.5,18.5,5.8,Tu4,10,61.3,28.7,SiClLo,1.2,2.71,0.155,0.04
KIT_188,1.56,0.41,51.7517517517517,24.5245245245245,23.7237237237237,0.1,12.6,39,11.3,9.3,3.9,Ls4,56.4,19.9,23.7,SaClLo,0.1,1.42,0.137,0.033
KIT_189,1.24,0.53,75.5,14.1,10.4,0,24,51.4,7,4.7,2.4,Sl3,78.978978978979,10.6106106106106,10.4104104104104,SaLo,0.1,1.13,0.083,0.048
KIT_190,1.39,0.48,18.6,46.7,34.7,2,3.6,13,24.5,15,7.2,Lt2,23.1768231768232,42.1578421578422,34.6653346653347,ClLo,0.8,1.98,0.233,0.054
KIT_191,1.61,0.39,54.9,26.9,18.2,0.1,12.2,42.6,13,9.5,4.5,Ls4,60.1,21.7,18.2,SaLo,0.2,0.7,0.054,0.02
KIT_192,1.52,0.43,76.1238761238761,7.19280719280719,16.6833166833167,0,0.2,76,4.9,0.8,1.5,St2,78.5214785214785,4.7952047952048,16.6833166833167,SaLo,0,0.36,0.047,0.033
KIT_193,1.13,0.57,53.7,27.2,19.1,0.2,13.6,39.9,16.5,6.4,4.2,Ls4,59.3593593593593,21.5215215215215,19.1191191191191,SaLo,1.4,2.55,0.217,0.068
KIT_194,1.61,0.39,79.8,8.5,11.7,2.1,60.8,16.9,3.3,3,2.2,St2,80.5,7.8,11.7,SaLo,0.4,0.76,0.071,0.035
KIT_195,1.15,0.57,55.3,25.6,19.1,0.1,13.8,41.4,12.5,9.1,3.9,Ls4,60.3,20.6,19.1,SaLo,0.1,3.57,0.375,0.061
KIT_196,1.07,0.6,57.3,24.9,17.8,0.2,12.7,44.4,11.5,9.1,4.3,Ls4,62.4,19.8,17.8,SaLo,0.2,3.73,0.387,0.066
KIT_197,0.92,0.65,2.3,56.7,41,1.5,0.2,0.6,13.2,20.8,22.7,Tu3,3.3,55.7,41,SiCl,34.3,4.17,0.35,0.075
KIT_198,1.22,0.54,33.6,46.3,20.1,0.2,8.3,25.1,26.2,14.5,5.6,Ls2,39.4,40.5,20.1,Lo,0.3,2.99,0.304,0.081
KIT_199,1.42,0.46,54.8,26.3,18.9,0,11.4,43.3,13.1,8.9,4.3,Ls4,60.1,21,18.9,SaLo,0.3,1.32,0.125,0.027
KIT_200,1.16,0.56,9.5,63.4,27.1,0.8,1.3,7.4,32,23.1,8.3,Lu,14.5145145145145,58.3583583583583,27.1271271271271,SiLo,1.6,3.36,0.357,0.088
KIT_201,1.19,0.55,55.7,23.2,21.1,0.1,12.8,42.7,10.9,9,3.3,Ls4,60.5394605394605,18.3816183816184,21.0789210789211,SaClLo,0,3.43,0.373,0.055
KIT_202,1.01,0.62,6.9,56.7,36.4,4.6,0.9,1.4,16.2,20.2,20.3,Tu3,8.5,55.1,36.4,SiClLo,35.6,3.72,0.448,0.095
KIT_203,1.4,0.47,53.4,26.9,19.7,0,12.3,41,12.7,9.9,4.3,Ls4,58.4,21.9,19.7,SaLo,0.7,1.63,0.161,0.04
KIT_204,1.61,0.39,55.7557557557558,26.6266266266266,17.6176176176176,0.2,12.7,42.9,13,9.6,4.1,Ls4,61,21.4,17.6,SaLo,0.5,0.61,0.056,0.018
KIT_205,0.83,0.69,4,56.4,39.6,2.7,0.5,0.8,13.4,19.9,23.1,Tu3,5.1,55.3,39.6,SiClLo,29.4,3.24,0.298,0.068
KIT_206,1.2,0.55,62.1621621621622,19.4194194194194,18.4184184184184,23.3,24.6,14.3,8.2,6.3,5,Ls4,64.1,17.5,18.4,SaLo,54.1,2.37,0.191,0.083
KIT_207,1.23,0.54,67.5,18.3,14.2,0.2,14.9,52.5,9.8,4.9,3.5,Sl4,72.3,13.5,14.2,SaLo,4.7,2,0.127,0.025
KIT_208,1.36,0.49,17.4,46.3,36.3,1.6,3.2,12.6,23.7,15.1,7.5,Lt3,21.8,41.9,36.3,ClLo,1.1,1.98,0.204,0.028
KIT_209,1.49,0.44,19.3,46,34.7,2.4,3.8,13.1,23.9,15.2,7,Lt2,23.7,41.6,34.7,ClLo,0.9,1.81,0.194,0.03
KIT_210,0.8,0.7,10.1,36,53.9,0.1,1.1,8.9,10.2,12.9,13,Tu2,12.1,34,53.9,Cl,0.9,5.96,0.484,0.054
KIT_211,1.47,0.45,54.7,25.9,19.4,0.1,9.4,45.2,13.4,7.6,4.9,Ls4,60.3,20.3,19.4,SaLo,0.1,0.49,0.034,0.017
KIT_212,1.12,0.58,21.2,55,23.8,0.2,2.4,18.6,22.2,19.3,13.4,Lu,25.8,50.4,23.8,SiLo,0.6,3.24,0.205,0.026
KIT_213,1.28,0.52,45.8,34.3,19.9,0.1,6,39.8,15.1,12.4,6.7,Ls3,51.2,28.9,19.9,Lo,0.8,2.02,0.114,0.023
KIT_214,1.38,0.48,37.7,36.2,26.1,0,6,31.6,12.5,13.8,10,Lt2,41.8,32.1,26.1,Lo,0.1,1.15,0.073,0.021
KIT_215,1.58,0.4,57,36.9,6.1,7,33,17,25,7.5,4.4,Su3,61.7,32.2,6.1,SaLo,NA,NA,NA,NA
KIT_216,1.56,0.41,57,36.9,6.1,7,33,17,25,7.5,4.4,Su3,61.7,32.2,6.1,SaLo,NA,NA,NA,NA
KIT_217,1.62,0.39,57,36.9,6.1,7,33,17,25,7.5,4.4,Su3,61.7,32.2,6.1,SaLo,NA,NA,NA,NA
KIT_218,1.61,0.39,57,36.9,6.1,7,33,17,25,7.5,4.4,Su3,61.7,32.2,6.1,SaLo,NA,NA,NA,NA
KIT_219,1.65,0.38,57,36.9,6.1,7,33,17,25,7.5,4.4,Su3,61.7,32.2,6.1,SaLo,NA,NA,NA,NA
TUBS_001,1.52,0.43,7.1,78.2,14.7,0.4,3.7,3,55.1,17.9,5.2,Ut3,12.6,72.7,14.7,SiLo,NA,1.25,0.131,0.014
TUBS_002,1.49,0.44,5.8,79.1,15.1,0.4,2.5,2.9,52.6,21,5.5,Ut3,11,73.9,15.1,SiLo,NA,0.79,0.085,0.004
TUBS_003,1.47,0.45,7.6,78.3,14.1,0.4,3.9,3.3,53.9,18.9,5.5,Ut3,13.1,72.8,14.1,SiLo,NA,1.45,0.145,0.014
TUBS_004,1.47,0.45,6.6,78.2,15.2,0.4,3.2,3,52.8,21,4.4,Ut3,11.8,73,15.2,SiLo,NA,0.97,0.098,0.008
TUBS_005,1.42,0.46,7.2,78.4,14.4,0.4,4,2.8,56.2,16.7,5.5,Ut3,12.7,72.9,14.4,SiLo,NA,1.3,0.131,0.011
TUBS_006,1.42,0.46,6.9,79.8,13.3,0.5,3,3.4,52.8,20,7,Ut3,12.3,74.4,13.3,SiLo,NA,0.9,0.097,0.009
TUBS_007,1.38,0.48,6.3,80.1,13.6,0.5,2.8,3,51.7,21.6,6.8,Ut3,11.4,75,13.6,SiLo,NA,1.38,0.131,0.012
TUBS_008,1.4,0.47,6.1,80.8,13.1,0.5,2.6,3,53.5,21.4,5.9,Ut3,11.4,75.5,13.1,SiLo,NA,0.98,0.093,0.007
TUBS_009,1.01,0.57,3.8,46.1,50.1,NA,NA,NA,NA,NA,NA,Tu2,NA,NA,50.1,NA,NA,NA,NA,NA
TUBS_010,0.89,0.7,4.4,48,47.6,NA,NA,NA,NA,NA,NA,Tu2,NA,NA,47.6,NA,NA,NA,NA,NA
TUBS_011,1.18,0.59,3.1,43.4,53.5,NA,NA,NA,NA,NA,NA,Tu2,NA,NA,53.5,NA,NA,NA,NA,NA
TUBS_012,1.73,0.35,39.3,42.7,18,3.2,15.6,20.5,24,11.8,6.9,Ls2,44.3,37.7,18,Lo,NA,NA,NA,NA
TUBS_013,1.48,0.44,39.3,42.7,18,3.2,15.6,20.5,24,11.8,6.9,Ls2,44.3,37.7,18,Lo,NA,NA,NA,NA
TUBS_014,1.55,0.42,39.3,42.7,18,3.2,15.6,20.5,24,11.8,6.9,Ls2,44.3,37.7,18,Lo,NA,NA,NA,NA
TUBS_015,1.67,0.37,39.3,42.7,18,3.2,15.6,20.5,24,11.8,6.9,Ls2,44.3,37.7,18,Lo,NA,NA,NA,NA
TUBS_016,1.7,0.36,3.9,81.9,14.2,1.1,0.9,1.9,45.9,25.3,10.7,Ut3,8.1,77.7,14.2,SiLo,NA,NA,NA,NA
TUBS_017,1.68,0.37,3.9,81.9,14.2,1.1,0.9,1.9,45.9,25.3,10.7,Ut3,8.1,77.7,14.2,SiLo,NA,NA,NA,NA
TUBS_018,1.66,0.37,3.9,81.9,14.2,1.1,0.9,1.9,45.9,25.3,10.7,Ut3,8.1,77.7,14.2,SiLo,NA,NA,NA,NA
TUBS_019,1.68,0.37,3.9,81.9,14.2,1.1,0.9,1.9,45.9,25.3,10.7,Ut3,8.1,77.7,14.2,SiLo,NA,NA,NA,NA
TUBS_020,1.65,0.38,3.9,81.9,14.2,1.1,0.9,1.9,45.9,25.3,10.7,Ut3,8.1,77.7,14.2,SiLo,NA,NA,NA,NA
TUBS_021,1.68,0.37,42,46.7,11.3,4,15.3,22.7,28.4,12.1,6.2,Slu,47.9,40.8,11.3,Lo,NA,NA,NA,NA
TUBS_022,1.58,0.4,42,46.7,11.3,4,15.3,22.7,28.4,12.1,6.2,Slu,47.9,40.8,11.3,Lo,NA,NA,NA,NA
TUBS_023,1.68,0.37,42,46.7,11.3,4,15.3,22.7,28.4,12.1,6.2,Slu,47.9,40.8,11.3,Lo,NA,NA,NA,NA
TUBS_024,1.62,0.39,42,46.7,11.3,4,15.3,22.7,28.4,12.1,6.2,Slu,47.9,40.8,11.3,Lo,NA,NA,NA,NA
TUBS_025,1.59,0.4,3.2,77.7,19.1,1.1,0.6,1.5,44.6,24.6,8.5,Ut4,7.1,73.8,19.1,SiLo,NA,NA,NA,NA
TUBS_026,1.62,0.39,3.2,77.7,19.1,1.1,0.6,1.5,44.6,24.6,8.5,Ut4,7.1,73.8,19.1,SiLo,NA,NA,NA,NA
TUBS_027,1.58,0.4,3.2,77.7,19.1,1.1,0.6,1.5,44.6,24.6,8.5,Ut4,7.1,73.8,19.1,SiLo,NA,NA,NA,NA
TUBS_028,1.62,0.39,3.2,77.7,19.1,1.1,0.6,1.5,44.6,24.6,8.5,Ut4,7.1,73.8,19.1,SiLo,NA,NA,NA,NA
TUBS_029,1.69,0.36,57.4,27.3,15.3,6.3,27.9,23.2,16.6,6.9,3.8,Sl4,61.3,23.4,15.3,SaLo,NA,1.66,0.103,0.001
TUBS_030,1.62,0.39,57.4,28.2,14.4,6.2,28.5,22.8,17.5,7.5,3.2,Sl4,61.4,24.2,14.4,SaLo,NA,1.63,0.151,0.018
TUBS_031,1.53,0.42,57.3,27.4,15.3,4.8,27.7,24.8,17.4,6.4,3.6,Sl4,61.5,23.2,15.3,SaLo,NA,2.06,0.186,0.028
TUBS_032,1.57,0.41,57.3,27.4,15.3,4.8,27.7,24.8,17.4,6.4,3.6,Sl4,61.5,23.2,15.3,SaLo,NA,2.06,0.186,0.028
TUBS_033,1.46,0.45,16.9,70.8,12.3,0.9,2.5,13.4,49.1,17.2,4.5,Ut3,25.4,62.3,12.3,SiLo,NA,0.46,NA,NA
TUBS_034,1.5,0.43,16.9,70.8,12.3,0.9,2.5,13.4,49.1,17.2,4.5,Ut3,25.4,62.3,12.3,SiLo,NA,0.46,NA,NA
TUBS_035,1.41,0.47,16.9,70.8,12.3,0.9,2.5,13.4,49.1,17.2,4.5,Ut3,25.4,62.3,12.3,SiLo,NA,0.46,NA,NA
TUBS_036,1.44,0.46,16.9,70.8,12.3,0.9,2.5,13.4,49.1,17.2,4.5,Ut3,25.4,62.3,12.3,SiLo,NA,0.46,NA,NA
TUBS_037,1.54,0.42,16.9,70.8,12.3,0.9,2.5,13.4,49.1,17.2,4.5,Ut3,25.4,62.3,12.3,SiLo,NA,0.46,NA,NA
TUBS_038,1.51,0.43,16.9,70.8,12.3,0.9,2.5,13.4,49.1,17.2,4.5,Ut3,25.4,62.3,12.3,SiLo,NA,0.46,NA,NA
TUBS_039,1.33,0.5,16.9,70.8,12.3,0.9,2.5,13.4,49.1,17.2,4.5,Ut3,25.4,62.3,12.3,SiLo,NA,0.46,NA,NA
TUBS_040,1.47,0.45,16.9,70.8,12.3,0.9,2.5,13.4,49.1,17.2,4.5,Ut3,25.4,62.3,12.3,SiLo,NA,0.46,NA,NA
TUBS_041,1.53,0.42,16.9,70.8,12.3,0.9,2.5,13.4,49.1,17.2,4.5,Ut3,25.4,62.3,12.3,SiLo,NA,0.46,NA,NA
TUBS_042,1.49,0.44,14.6,75.9,9.5,0.2,5.4,9,61.2,11.8,2.9,Ut2,23.4,67.1,9.5,SiLo,NA,1.44,0.135,0.015
TUBS_043,1.51,0.43,14.6,75.9,9.5,0.2,5.4,9,61.2,11.8,2.9,Ut2,23.4,67.1,9.5,SiLo,NA,1.44,0.135,0.015
TUBS_044,1.51,0.43,15.2,77.5,7.3,0.2,5.4,9.6,60.2,12.6,4.7,Us,24,68.7,7.3,SiLo,NA,0.82,0.087,0.011
TUBS_045,1.53,0.42,15.2,77.5,7.3,0.2,5.4,9.6,60.2,12.6,4.7,Us,24,68.7,7.3,SiLo,NA,0.82,0.087,0.011
TUBS_046,1.4,0.47,57.7,27.2,15.1,5.1,29,23.7,17.1,7.3,2.8,Sl4,61.7,23.2,15.1,SaLo,NA,0.98,0.094,0.008
TUBS_047,1.39,0.48,57.7,27.2,15.1,5.1,29,23.7,17.1,7.3,2.8,Sl4,61.7,23.2,15.1,SaLo,NA,0.98,0.094,0.008
TUBS_048,1.55,0.42,13.5,77.6,8.9,0.3,4,9.2,59.7,13.4,4.5,Ut2,22,69.1,8.9,SiLo,NA,0.97,0.097,0.009
TUBS_049,1.57,0.41,13.5,77.6,8.9,0.3,4,9.2,59.7,13.4,4.5,Ut2,22,69.1,8.9,SiLo,NA,0.97,0.097,0.009
TUBS_050,1.51,0.43,15.1,75,9.9,0.2,5,9.9,60.8,11.3,3,Ut2,24.1758241758242,65.9340659340659,9.89010989010989,SiLo,NA,0.95,0.096,0.01
TUBS_051,1.48,0.44,15.1,75,9.9,0.2,5,9.9,60.8,11.3,3,Ut2,24.1758241758242,65.9340659340659,9.89010989010989,SiLo,NA,0.95,0.096,0.01
TUBS_052,1.48,0.44,15.6,75.8,8.6,0.2,5.1,10.3,58.7,12.5,4.6,Ut2,24.5,66.9,8.6,SiLo,NA,0.92,0.091,0.013
TUBS_053,1.47,0.45,15.6,75.8,8.6,0.2,5.1,10.3,58.7,12.5,4.6,Ut2,24.5,66.9,8.6,SiLo,NA,0.92,0.091,0.013
TUBS_054,1.64,0.38,65.9340659340659,27.2727272727273,6.79320679320679,4.9,28.9,32.1,18.2,6.3,2.8,Su3,70.9,22.3,6.8,SaLo,NA,NA,NA,NA
TUBS_055,1.49,0.44,65.9340659340659,27.2727272727273,6.79320679320679,4.9,28.9,32.1,18.2,6.3,2.8,Su3,70.9,22.3,6.8,SaLo,NA,NA,NA,NA
TUBS_056,1.55,0.42,65.9340659340659,27.2727272727273,6.79320679320679,4.9,28.9,32.1,18.2,6.3,2.8,Su3,70.9,22.3,6.8,SaLo,NA,NA,NA,NA
TUBS_057,1.37,0.48,65.9340659340659,27.2727272727273,6.79320679320679,4.9,28.9,32.1,18.2,6.3,2.8,Su3,70.9,22.3,6.8,SaLo,NA,NA,NA,NA
TUBS_058,1.55,0.42,65.9340659340659,27.2727272727273,6.79320679320679,4.9,28.9,32.1,18.2,6.3,2.8,Su3,70.9,22.3,6.8,SaLo,NA,NA,NA,NA
TUBS_059,1.62,0.39,65.9340659340659,27.2727272727273,6.79320679320679,4.9,28.9,32.1,18.2,6.3,2.8,Su3,70.9,22.3,6.8,SaLo,NA,NA,NA,NA
TUBS_060,1.66,0.37,65.9340659340659,27.2727272727273,6.79320679320679,4.9,28.9,32.1,18.2,6.3,2.8,Su3,70.9,22.3,6.8,SaLo,NA,NA,NA,NA
TUBS_061,1.59,0.4,65.9340659340659,27.2727272727273,6.79320679320679,4.9,28.9,32.1,18.2,6.3,2.8,Su3,70.9,22.3,6.8,SaLo,NA,NA,NA,NA
TUBS_062,1.6,0.4,59.7,34.1,6.2,5.5,30.9,23.3,24.5,7.5,2.1,Su3,64.8,29,6.2,SaLo,NA,0.71,NA,NA
TUBS_063,1.65,0.38,59.7,34.1,6.2,5.5,30.9,23.3,24.5,7.5,2.1,Su3,64.8,29,6.2,SaLo,NA,0.71,NA,NA
TUBS_064,1.68,0.37,59.7,34.1,6.2,5.5,30.9,23.3,24.5,7.5,2.1,Su3,64.8,29,6.2,SaLo,NA,0.71,NA,NA
TUBS_065,1.72,0.35,59.7,34.1,6.2,5.5,30.9,23.3,24.5,7.5,2.1,Su3,64.8,29,6.2,SaLo,NA,0.71,NA,NA
TUBS_066,1.67,0.37,53.7,39.6,6.7,1.9,25.4,26.5,31.5,6,2.1,Su3,60.5,32.8,6.7,SaLo,NA,0.34,NA,NA
TUBS_067,1.74,0.34,53.7,39.6,6.7,1.9,25.4,26.5,31.5,6,2.1,Su3,60.5,32.8,6.7,SaLo,NA,0.34,NA,NA
TUBS_068,1.7,0.36,53.7,39.6,6.7,1.9,25.4,26.5,31.5,6,2.1,Su3,60.5,32.8,6.7,SaLo,NA,0.34,NA,NA
TUBS_069,1.71,0.35,53.7,39.6,6.7,1.9,25.4,26.5,31.5,6,2.1,Su3,60.5,32.8,6.7,SaLo,NA,0.34,NA,NA
TUBS_070,1.6,0.4,52.6,39.7,7.7,1.4,22.3,29,31.6,6,2.1,Su3,59.7,32.6,7.7,SaLo,NA,0.22,NA,NA
TUBS_071,1.67,0.37,52.6,39.7,7.7,1.4,22.3,29,31.6,6,2.1,Su3,59.7,32.6,7.7,SaLo,NA,0.22,NA,NA
TUBS_072,1.61,0.39,52.6,39.7,7.7,1.4,22.3,29,31.6,6,2.1,Su3,59.7,32.6,7.7,SaLo,NA,0.22,NA,NA
TUBS_073,1.63,0.38,65.5,28.1,6.4,13.4,37.1,15,18.1,6.8,3.2,Su3,68.8,24.8,6.4,SaLo,NA,0.97,NA,NA
TUBS_074,1.51,0.43,65.5,28.1,6.4,13.4,37.1,15,18.1,6.8,3.2,Su3,68.8,24.8,6.4,SaLo,NA,0.97,NA,NA
TUBS_075,1.56,0.41,65.5,28.1,6.4,13.4,37.1,15,18.1,6.8,3.2,Su3,68.8,24.8,6.4,SaLo,NA,0.97,NA,NA
TUBS_076,1.65,0.38,64.2,29.9,5.9,12.3,36.7,15.2,19.6,7.3,3,Su3,67.8,26.3,5.9,SaLo,NA,0.73,NA,NA
TUBS_077,1.75,0.34,64.2,29.9,5.9,12.3,36.7,15.2,19.6,7.3,3,Su3,67.8,26.3,5.9,SaLo,NA,0.73,NA,NA
TUBS_078,1.76,0.34,64.2,29.9,5.9,12.3,36.7,15.2,19.6,7.3,3,Su3,67.8,26.3,5.9,SaLo,NA,0.73,NA,NA
TUBS_079,1.71,0.35,85.9,8.4,5.7,33.9,45.7,6.2,2.5,4.2,1.7,St2,86,8.3,5.7,LoSa,NA,0.13,NA,NA
TUBS_080,1.83,0.31,85.9,8.4,5.7,33.9,45.7,6.2,2.5,4.2,1.7,St2,86,8.3,5.7,LoSa,NA,0.13,NA,NA
TUBS_081,1.62,0.39,70,21.5,8.5,20.8,35.9,13.2,13.5,5.8,2.2,Sl3,72.4724724724725,19.019019019019,8.50850850850851,SaLo,NA,1.95,NA,NA
TUBS_082,1.64,0.38,70,21.5,8.5,20.8,35.9,13.2,13.5,5.8,2.2,Sl3,72.4724724724725,19.019019019019,8.50850850850851,SaLo,NA,1.95,NA,NA
TUBS_083,1.65,0.38,70,21.5,8.5,20.8,35.9,13.2,13.5,5.8,2.2,Sl3,72.4724724724725,19.019019019019,8.50850850850851,SaLo,NA,1.95,NA,NA
TUBS_084,1.61,0.39,65,28.8,6.2,14.6,34.2,16.1,19.9,6.6,2.3,Su3,68.7,25.1,6.2,SaLo,NA,1.79,NA,NA
TUBS_085,1.66,0.37,65,28.8,6.2,14.6,34.2,16.1,19.9,6.6,2.3,Su3,68.7,25.1,6.2,SaLo,NA,1.79,NA,NA
TUBS_086,1.63,0.38,65,28.8,6.2,14.6,34.2,16.1,19.9,6.6,2.3,Su3,68.7,25.1,6.2,SaLo,NA,1.79,NA,NA
TUBS_087,1.51,0.43,66.8,27,6.2,13.4,37.1,16.3,16.4,7.4,3.2,Su3,69.9,23.9,6.2,SaLo,NA,1.51,NA,NA
TUBS_088,1.71,0.35,66.8,27,6.2,13.4,37.1,16.3,16.4,7.4,3.2,Su3,69.9,23.9,6.2,SaLo,NA,1.51,NA,NA
TUBS_089,1.64,0.38,66.8,27,6.2,13.4,37.1,16.3,16.4,7.4,3.2,Su3,69.9,23.9,6.2,SaLo,NA,1.51,NA,NA
TUBS_090,1.69,0.36,70.4,25.1,4.5,21.7,34.9,13.9,15.2,7.1,2.8,Su3,73.2,22.3,4.5,SaLo,NA,0.18,NA,NA
TUBS_091,1.89,0.29,70.4,25.1,4.5,21.7,34.9,13.9,15.2,7.1,2.8,Su3,73.2,22.3,4.5,SaLo,NA,0.18,NA,NA
TUBS_092,1.79,0.32,70.4,25.1,4.5,21.7,34.9,13.9,15.2,7.1,2.8,Su3,73.2,22.3,4.5,SaLo,NA,0.18,NA,NA
TUBS_093,1.71,0.35,67,26.3,6.7,12.5,37.1,17.4,17,6.9,2.4,Su3,70.3,23,6.7,SaLo,NA,1.03,NA,NA
TUBS_094,1.69,0.36,67,26.3,6.7,12.5,37.1,17.4,17,6.9,2.4,Su3,70.3,23,6.7,SaLo,NA,1.03,NA,NA
TUBS_095,1.73,0.35,67,26.3,6.7,12.5,37.1,17.4,17,6.9,2.4,Su3,70.3,23,6.7,SaLo,NA,1.03,NA,NA
TUBS_096,1.78,0.33,40.3,55.3,4.4,9.2,23.1,8,42.5,7.6,5.1,Us,47.2,48.4,4.4,SaLo,NA,0.62,NA,NA
TUBS_097,1.82,0.31,40.3,55.3,4.4,9.2,23.1,8,42.5,7.6,5.1,Us,47.2,48.4,4.4,SaLo,NA,0.62,NA,NA
TUBS_098,1.73,0.35,40.3,55.3,4.4,9.2,23.1,8,42.5,7.6,5.1,Us,47.2,48.4,4.4,SaLo,NA,0.62,NA,NA
TUBS_099,1.81,0.32,70.1,24.3,5.6,7.4,40.6,22.1,16.4,5.4,2.5,Sl2,73.7,20.7,5.6,SaLo,NA,0.2,NA,NA
TUBS_100,1.74,0.34,70.1,24.3,5.6,7.4,40.6,22.1,16.4,5.4,2.5,Sl2,73.7,20.7,5.6,SaLo,NA,0.2,NA,NA
TUBS_101,1.71,0.35,70.1,24.3,5.6,7.4,40.6,22.1,16.4,5.4,2.5,Sl2,73.7,20.7,5.6,SaLo,NA,0.2,NA,NA
TUBS_102,1.19,0.55,6.5,34.7,58.8,0.8,2.9,2.8,7.9,13.8,13,Tu2,7.50750750750751,33.6336336336336,58.8588588588588,Cl,NA,1.16,0.122,0.046
TUBS_103,1.15,0.57,10.4,39.1,50.5,1,5.8,3.6,12.5,14.8,11.8,Tu2,12.2,37.3,50.5,Cl,NA,1.95,NA,NA
TUBS_104,1.23,0.54,17.4825174825175,37.1628371628372,45.3546453546454,1.8,10.6,5.1,10.2,11.9,15.1,Tu2,19,35.6,45.4,Cl,NA,1.7,NA,NA
TUBS_105,1.2,0.55,17.4825174825175,37.1628371628372,45.3546453546454,1.8,10.6,5.1,10.2,11.9,15.1,Tu2,19,35.6,45.4,Cl,NA,1.7,NA,NA
TUBS_106,1.04,0.61,4.2,29.5,66.3,0.4,2.2,1.6,4.9,9.7,14.9,Tt,4.8048048048048,28.8288288288288,66.3663663663664,Cl,NA,1.29,NA,NA
TUBS_107,1.09,0.59,8.2,36.2,55.6,0.7,4.6,2.9,7,16.1,13.1,Tu2,9,35.4,55.6,Cl,NA,1.76,NA,NA
TUBS_108,1.07,0.6,8.2,36.2,55.6,0.7,4.6,2.9,7,16.1,13.1,Tu2,9,35.4,55.6,Cl,NA,1.76,NA,NA
TUBS_109,1.24,0.53,11,39.7,49.3,1.1,5.9,4,7.2,18.8,13.7,Tu2,11.8,38.9,49.3,Cl,NA,1.33,0.118,0.04
TUBS_110,1.12,0.58,10.9,27.5,61.6,0.8,6.3,3.8,5.4,11.3,10.8,Tl,11.6,26.8,61.6,Cl,NA,3.1,0.273,0.062
TUBS_111,1.31,0.51,12.9,23.6,63.5,1.3,7.5,4.1,4.8,8.3,10.5,Tl,13.6,22.9,63.5,Cl,NA,0.76,0.093,0.042
TUBS_112,1.09,0.59,19.6,21.2,59.2,2.8,11.9,4.9,5.5,7.9,7.8,Tl,20.4795204795205,20.3796203796204,59.1408591408591,Cl,NA,2,0.123,0.035
TUBS_113,1.66,0.37,72.2,17.8,10,5,41.1,26.1,9.6,5.2,3,Sl3,75,15,10,SaLo,NA,1.67,0.133,0.011
TUBS_114,1.61,0.39,72.2,17.8,10,5,41.1,26.1,9.6,5.2,3,Sl3,75,15,10,SaLo,NA,1.67,0.133,0.011
TUBS_115,1.72,0.35,74.6,15.1,10.3,6.6,45.2,22.9,8.6,3.9,2.6,Sl3,76.9230769230769,12.7872127872128,10.2897102897103,SaLo,NA,1.89,0.148,0.016
TUBS_116,1.66,0.37,74.6,15.1,10.3,6.6,45.2,22.9,8.6,3.9,2.6,Sl3,76.9230769230769,12.7872127872128,10.2897102897103,SaLo,NA,1.89,0.148,0.016
TUBS_117,1.61,0.39,73.1,16.5,10.4,5.5,42,25.7,9.5,4.5,2.5,Sl3,75.9,13.7,10.4,SaLo,NA,NA,NA,NA
TUBS_118,1.55,0.42,73.1,16.5,10.4,5.5,42,25.7,9.5,4.5,2.5,Sl3,75.9,13.7,10.4,SaLo,NA,NA,NA,NA
TUBS_119,1.64,0.38,62.6,17.3,20.1,6.1,29,27.5,6.4,5.3,5.6,Ls4,65.3,14.6,20.1,SaClLo,NA,2.06,0.164,0.026
TUBS_120,1.65,0.38,62.6,17.3,20.1,6.1,29,27.5,6.4,5.3,5.6,Ls4,65.3,14.6,20.1,SaClLo,NA,2.06,0.164,0.026
TUBS_121,1.62,0.39,63.5635635635636,15.9159159159159,20.5205205205205,6.4,29,28.2,5.8,5.3,4.8,Ls4,66.1661661661662,13.3133133133133,20.5205205205205,SaClLo,NA,2.12,0.18,0.027
TUBS_122,1.62,0.39,64.4,13.6,22,6.8,30.4,27.3,5,4.4,4.2,St3,66.8,11.2,22,SaClLo,NA,1.67,0.155,0.019
TUBS_123,1.55,0.42,66.3,13.4,20.3,7.3,32,27.1,5,4.5,3.9,St3,68.7,11,20.3,SaClLo,NA,1.78,0.161,0.018
TUBS_124,1.64,0.38,65.8,14.8,19.4,8.5,30.6,26.8,5.9,4.3,4.6,St3,68.3316683316683,12.2877122877123,19.3806193806194,SaLo,NA,2.06,0.191,0.025
TUBS_125,1.68,0.37,65.4,14.8,19.8,6.7,30.3,28.5,5.7,4.4,4.7,St3,68.031968031968,12.1878121878122,19.7802197802198,SaLo,NA,1.58,0.133,0.021
TUBS_126,1.59,0.4,65.4,14.8,19.8,6.7,30.3,28.5,5.7,4.4,4.7,St3,68.031968031968,12.1878121878122,19.7802197802198,SaLo,NA,1.58,0.133,0.021
TUBS_127,1.59,0.4,63.8,14.6,21.6,7.2,29.2,27.4,4.9,5.2,4.5,St3,66.1,12.3,21.6,SaClLo,NA,1.58,0.145,0.02
TUBS_128,1.62,0.39,63.8,14.6,21.6,7.2,29.2,27.4,4.9,5.2,4.5,St3,66.1,12.3,21.6,SaClLo,NA,1.58,0.145,0.02
TUBS_129,1.56,0.41,97.6,1.4,1,7.5,64.5,25.6,0.7,0.5,0.2,Ss,97.9,1.1,1,Sa,NA,0.13,NA,NA
TUBS_130,1.58,0.4,97.6,1.4,1,7.5,64.5,25.6,0.7,0.5,0.2,Ss,97.9,1.1,1,Sa,NA,0.13,NA,NA
TUBS_131,1.64,0.38,97.6,1.4,1,7.5,64.5,25.6,0.7,0.5,0.2,Ss,97.9,1.1,1,Sa,NA,0.13,NA,NA
TUBS_132,1.68,0.37,97.6,1.4,1,7.5,64.5,25.6,0.7,0.5,0.2,Ss,97.9,1.1,1,Sa,NA,0.13,NA,NA
TUBS_133,1.68,0.37,97.6,1.4,1,7.5,64.5,25.6,0.7,0.5,0.2,Ss,97.9,1.1,1,Sa,NA,0.13,NA,NA
TUBS_134,1.54,0.42,91.5,6.1,2.4,2.4,61.2,27.9,4.2,1.3,0.6,Ss,93.3,4.3,2.4,Sa,NA,1.42,NA,NA
TUBS_135,1.47,0.45,91.5,6.1,2.4,2.4,61.2,27.9,4.2,1.3,0.6,Ss,93.3,4.3,2.4,Sa,NA,1.42,NA,NA
TUBS_136,1.52,0.43,91.5,6.1,2.4,2.4,61.2,27.9,4.2,1.3,0.6,Ss,93.3,4.3,2.4,Sa,NA,1.42,NA,NA
TUBS_137,1.51,0.43,91.5,6.1,2.4,2.4,61.2,27.9,4.2,1.3,0.6,Ss,93.3,4.3,2.4,Sa,NA,1.42,NA,NA
TUBS_138,1.47,0.45,91.2,6.4,2.4,2,60.8,28.4,4.1,0.9,1.4,Ss,93,4.6,2.4,Sa,NA,1.21,NA,NA
TUBS_139,1.52,0.43,90.7,6.8,2.5,1.9,57.9,30.9,3.4,2.2,1.2,Ss,92.4,5.1,2.5,Sa,NA,1.08,NA,NA
TUBS_140,1.54,0.42,92.9,4.7,2.4,5.4,65.6,21.9,4.3,0.1,0.3,Ss,94.2,3.4,2.4,Sa,NA,1.36,NA,NA
TUBS_141,1.54,0.42,90.8,7.1,2.1,5.3,67.9,17.6,5.2,1.1,0.8,Ss,91.8,6.1,2.1,Sa,NA,1.2,NA,NA
TUBS_142,1.5,0.43,91.3,6.2,2.5,3.2,65.6,22.5,3.3,2.9,0,Ss,92.3,5.2,2.5,Sa,NA,1.16,NA,NA
TUBS_143,1.65,0.38,97.5,1.4,1.1,2.5,68.5,26.5,0.8,0.6,0,Ss,97.9,1,1.1,Sa,NA,0.15,NA,NA
TUBS_144,1.5,0.43,91.3,6.2,2.5,1.4,63.1,26.8,6,0.2,0,Ss,93.3,4.2,2.5,Sa,NA,1.15,NA,NA
TUBS_145,1.48,0.44,92.5,5.2,2.3,0.9,59.1,32.5,3.2,1.4,0.6,Ss,94.1,3.6,2.3,Sa,NA,1.09,NA,NA
TUBS_146,1.4,0.47,5.9,71.4,22.7,0.3,1.9,3.7,46.1,18.2,7.1,Ut4,10.9,66.4,22.7,SiLo,NA,1.43,0.153,0.009
TUBS_147,1.33,0.5,5.9,71.4,22.7,0.3,1.9,3.7,46.1,18.2,7.1,Ut4,10.9,66.4,22.7,SiLo,NA,1.43,0.153,0.009
TUBS_148,1.49,0.44,6,69.5,24.5,0.3,1.2,4.5,43.2,19.5,6.8,Ut4,11,64.5,24.5,SiLo,NA,1,0.1,0.005
TUBS_149,1.44,0.46,6,69.5,24.5,0.3,1.2,4.5,43.2,19.5,6.8,Ut4,11,64.5,24.5,SiLo,NA,1,0.1,0.005
TUBS_150,1.35,0.49,2.6,79.7,17.7,0.2,0.8,1.6,53.8,20.6,5.3,Ut4,7.4,74.9,17.7,SiLo,NA,1.24,0.119,0.011
TUBS_151,1.41,0.47,2.6,79.7,17.7,0.2,0.8,1.6,53.8,20.6,5.3,Ut4,7.4,74.9,17.7,SiLo,NA,1.24,0.119,0.011
TUBS_152,1.34,0.49,2.7,80.5,16.8,0.2,1.3,1.2,53.8,21.3,5.4,Ut3,7.3,75.9,16.8,SiLo,NA,0.87,0.081,0.004
TUBS_153,1.32,0.5,2.7,80.5,16.8,0.2,1.3,1.2,53.8,21.3,5.4,Ut3,7.3,75.9,16.8,SiLo,NA,0.87,0.081,0.004
TUBS_154,1.28,0.52,4.5,80.3,15.2,0.5,1.9,2.1,49.3,22,9,Ut3,9.1,75.7,15.2,SiLo,NA,1.78,0.189,0.013
TUBS_155,1.4,0.47,4.5,80.3,15.2,0.5,1.9,2.1,49.3,22,9,Ut3,9.1,75.7,15.2,SiLo,NA,1.78,0.189,0.013
TUBS_156,1.38,0.48,3.1,82.3,14.6,0.3,1.2,1.6,51.2,22.2,8.9,Ut3,7.6,77.8,14.6,SiLo,NA,0.95,0.096,0.009
TUBS_157,1.44,0.46,3.1,82.3,14.6,0.3,1.2,1.6,51.2,22.2,8.9,Ut3,7.6,77.8,14.6,SiLo,NA,0.95,0.096,0.009
TUBS_158,1.63,0.38,98.3,1.3,0.4,10.2,70.1,18,0.5,0.4,0.4,Ss,98.5,1.1,0.4,Sa,NA,NA,NA,NA
TUBS_159,1.64,0.38,98.3,1.3,0.4,10.2,70.1,18,0.5,0.4,0.4,Ss,98.5,1.1,0.4,Sa,NA,NA,NA,NA
TUBS_160,1.64,0.38,98.3,1.3,0.4,10.2,70.1,18,0.5,0.4,0.4,Ss,98.5,1.1,0.4,Sa,NA,NA,NA,NA
TUBS_161,1.63,0.38,98.3,1.3,0.4,10.2,70.1,18,0.5,0.4,0.4,Ss,98.5,1.1,0.4,Sa,NA,NA,NA,NA
TUBS_162,1.61,0.39,98.3,1.3,0.4,10.2,70.1,18,0.5,0.4,0.4,Ss,98.5,1.1,0.4,Sa,NA,NA,NA,NA
TUBS_163,1.61,0.39,98.3,1.3,0.4,10.2,70.1,18,0.5,0.4,0.4,Ss,98.5,1.1,0.4,Sa,NA,NA,NA,NA
TUBS_164,1.57,0.41,98.3,1.3,0.4,10.2,70.1,18,0.5,0.4,0.4,Ss,98.5,1.1,0.4,Sa,NA,NA,NA,NA
TUBS_165,1.62,0.39,98.3,1.3,0.4,10.2,70.1,18,0.5,0.4,0.4,Ss,98.5,1.1,0.4,Sa,NA,NA,NA,NA
TUBS_166,1.58,0.4,98.3,1.3,0.4,10.2,70.1,18,0.5,0.4,0.4,Ss,98.5,1.1,0.4,Sa,NA,NA,NA,NA
TUBS_167,1.62,0.39,98.3,1.3,0.4,10.2,70.1,18,0.5,0.4,0.4,Ss,98.5,1.1,0.4,Sa,NA,NA,NA,NA
TUBS_168,1.61,0.39,96,3.3,0.7,7.3,69.2,19.5,1.9,0.7,0.7,Ss,96.6,2.7,0.7,Sa,NA,0.23,NA,NA
TUBS_169,1.61,0.39,96,3.3,0.7,7.3,69.2,19.5,1.9,0.7,0.7,Ss,96.6,2.7,0.7,Sa,NA,0.23,NA,NA
TUBS_170,1.66,0.37,96,3.3,0.7,7.3,69.2,19.5,1.9,0.7,0.7,Ss,96.6,2.7,0.7,Sa,NA,0.23,NA,NA
TUBS_171,1.65,0.38,96,3.3,0.7,7.3,69.2,19.5,1.9,0.7,0.7,Ss,96.6,2.7,0.7,Sa,NA,0.23,NA,NA
TUBS_172,1.62,0.39,96,3.3,0.7,7.3,69.2,19.5,1.9,0.7,0.7,Ss,96.6,2.7,0.7,Sa,NA,0.23,NA,NA
TUBS_173,1.6,0.4,96,3.3,0.7,7.3,69.2,19.5,1.9,0.7,0.7,Ss,96.6,2.7,0.7,Sa,NA,0.23,NA,NA
TUBS_174,1.57,0.41,96,3.3,0.7,7.3,69.2,19.5,1.9,0.7,0.7,Ss,96.6,2.7,0.7,Sa,NA,0.23,NA,NA
TUBS_175,1.71,0.35,96,3.3,0.7,7.3,69.2,19.5,1.9,0.7,0.7,Ss,96.6,2.7,0.7,Sa,NA,0.23,NA,NA
TUBS_176,1.62,0.39,96,3.3,0.7,7.3,69.2,19.5,1.9,0.7,0.7,Ss,96.6,2.7,0.7,Sa,NA,0.23,NA,NA
TUBS_177,1.31,0.51,39.5,46.4,14.1,4.3,14.8,20.4,27.9,12.2,6.3,Slu,45.1,40.8,14.1,Lo,NA,NA,NA,NA
TUBS_178,1.2,0.55,39.5,46.4,14.1,4.3,14.8,20.4,27.9,12.2,6.3,Slu,45.1,40.8,14.1,Lo,NA,NA,NA,NA
TUBS_179,1.5,0.43,39.5,46.4,14.1,4.3,14.8,20.4,27.9,12.2,6.3,Slu,45.1,40.8,14.1,Lo,NA,NA,NA,NA
TUBS_180,1.44,0.46,39.5,46.4,14.1,4.3,14.8,20.4,27.9,12.2,6.3,Slu,45.1,40.8,14.1,Lo,NA,NA,NA,NA
TUBS_181,1.39,0.48,39.5,46.4,14.1,4.3,14.8,20.4,27.9,12.2,6.3,Slu,45.1,40.8,14.1,Lo,NA,NA,NA,NA
TUBS_182,1.27,0.52,5.8,89,5.2,1,0.8,4,55.8,25.2,8,Uu,11.6,83.2,5.2,Si,NA,NA,NA,NA
TUBS_183,1.33,0.5,5.8,89,5.2,1,0.8,4,55.8,25.2,8,Uu,11.6,83.2,5.2,Si,NA,NA,NA,NA
TUBS_184,1.34,0.49,5.8,89,5.2,1,0.8,4,55.8,25.2,8,Uu,11.6,83.2,5.2,Si,NA,NA,NA,NA
TUBS_185,1.34,0.49,5.8,89,5.2,1,0.8,4,55.8,25.2,8,Uu,11.6,83.2,5.2,Si,NA,NA,NA,NA
TUBS_186,1.16,0.56,5.8,89,5.2,1,0.8,4,55.8,25.2,8,Uu,11.6,83.2,5.2,Si,NA,NA,NA,NA
TUBS_187,1.42,0.46,42.7,40.8,16.5,4.6,15.9,22.2,23.1,12.7,5,Slu,47.6,35.9,16.5,Lo,NA,NA,NA,NA
TUBS_188,1.34,0.49,42.7,40.8,16.5,4.6,15.9,22.2,23.1,12.7,5,Slu,47.6,35.9,16.5,Lo,NA,NA,NA,NA
TUBS_189,1.32,0.5,42.7,40.8,16.5,4.6,15.9,22.2,23.1,12.7,5,Slu,47.6,35.9,16.5,Lo,NA,NA,NA,NA
TUBS_190,1.33,0.5,42.7,40.8,16.5,4.6,15.9,22.2,23.1,12.7,5,Slu,47.6,35.9,16.5,Lo,NA,NA,NA,NA
TUBS_191,1.35,0.49,3.2,83.5,13.3,0.2,0.8,2.2,51.9,24.5,7.1,Ut3,8,78.7,13.3,SiLo,NA,NA,NA,NA
TUBS_192,1.49,0.44,3.2,83.5,13.3,0.2,0.8,2.2,51.9,24.5,7.1,Ut3,8,78.7,13.3,SiLo,NA,NA,NA,NA
TUBS_193,1.55,0.42,3.2,83.5,13.3,0.2,0.8,2.2,51.9,24.5,7.1,Ut3,8,78.7,13.3,SiLo,NA,NA,NA,NA
TUBS_194,1.47,0.45,3.2,83.5,13.3,0.2,0.8,2.2,51.9,24.5,7.1,Ut3,8,78.7,13.3,SiLo,NA,NA,NA,NA
TUBS_195,1.55,0.42,3.2,83.5,13.3,0.2,0.8,2.2,51.9,24.5,7.1,Ut3,8,78.7,13.3,SiLo,NA,NA,NA,NA
TUBS_196,1.31,0.51,40.1,41,18.9,4.4,16.9,18.8,24.1,12.5,4.4,Ls2,44.9,36.2,18.9,Lo,NA,NA,NA,NA
TUBS_197,1.27,0.52,40.1,41,18.9,4.4,16.9,18.8,24.1,12.5,4.4,Ls2,44.9,36.2,18.9,Lo,NA,NA,NA,NA
TUBS_198,1.35,0.49,40.1,41,18.9,4.4,16.9,18.8,24.1,12.5,4.4,Ls2,44.9,36.2,18.9,Lo,NA,NA,NA,NA
TUBS_199,1.35,0.49,40.1,41,18.9,4.4,16.9,18.8,24.1,12.5,4.4,Ls2,44.9,36.2,18.9,Lo,NA,NA,NA,NA
TUBS_200,1.34,0.49,40.1,41,18.9,4.4,16.9,18.8,24.1,12.5,4.4,Ls2,44.9,36.2,18.9,Lo,NA,NA,NA,NA
TUBS_201,1.4,0.47,5.8,82.6,11.6,0.7,0.7,4.4,50.6,24.3,7.7,Ut2,11.3,77.1,11.6,SiLo,NA,NA,NA,NA
TUBS_202,1.52,0.43,5.8,82.6,11.6,0.7,0.7,4.4,50.6,24.3,7.7,Ut2,11.3,77.1,11.6,SiLo,NA,NA,NA,NA
TUBS_203,1.45,0.45,5.8,82.6,11.6,0.7,0.7,4.4,50.6,24.3,7.7,Ut2,11.3,77.1,11.6,SiLo,NA,NA,NA,NA
TUBS_204,1.57,0.41,5.8,82.6,11.6,0.7,0.7,4.4,50.6,24.3,7.7,Ut2,11.3,77.1,11.6,SiLo,NA,NA,NA,NA
TUBS_205,1.31,0.51,5.8,82.6,11.6,0.7,0.7,4.4,50.6,24.3,7.7,Ut2,11.3,77.1,11.6,SiLo,NA,NA,NA,NA
TUBS_206,1.62,0.39,78.2,17.8,4,3,32.3,43,9.7,5.5,2.6,Su2,82.6,13.4,4,LoSa,NA,0.15,NA,NA
TUBS_207,1.71,0.35,78.2,17.8,4,3,32.3,43,9.7,5.5,2.6,Su2,82.6,13.4,4,LoSa,NA,0.15,NA,NA
TUBS_208,1.68,0.37,78.2,17.8,4,3,32.3,43,9.7,5.5,2.6,Su2,82.6,13.4,4,LoSa,NA,0.15,NA,NA
TUBS_209,1.61,0.39,84.7,13.3,2,5.7,38.4,40.6,7.6,1.6,4.1,Su2,88.4,9.6,2,Sa,NA,0.04,NA,NA
TUBS_210,1.62,0.39,84.7,13.3,2,5.7,38.4,40.6,7.6,1.6,4.1,Su2,88.4,9.6,2,Sa,NA,0.04,NA,NA
TUBS_211,1.63,0.38,84.7,13.3,2,5.7,38.4,40.6,7.6,1.6,4.1,Su2,88.4,9.6,2,Sa,NA,0.04,NA,NA
TUBS_212,1.72,0.35,64.8,19.3,15.9,5.1,29.3,30.3,7.6,6.3,5.4,Sl4,67.8,16.3,15.9,SaLo,NA,0.07,NA,NA
TUBS_213,1.67,0.37,64.8,19.3,15.9,5.1,29.3,30.3,7.6,6.3,5.4,Sl4,67.8,16.3,15.9,SaLo,NA,0.07,NA,NA
TUBS_214,1.7,0.36,64.8,19.3,15.9,5.1,29.3,30.3,7.6,6.3,5.4,Sl4,67.8,16.3,15.9,SaLo,NA,0.07,NA,NA
TUBS_215,1.58,0.4,75.7,20.5,3.8,4.2,33.8,37.7,11.3,6,3.2,Su2,79.9,16.3,3.8,LoSa,NA,0.11,NA,NA
TUBS_216,1.69,0.36,75.7,20.5,3.8,4.2,33.8,37.7,11.3,6,3.2,Su2,79.9,16.3,3.8,LoSa,NA,0.11,NA,NA
TUBS_217,1.59,0.4,75.7,20.5,3.8,4.2,33.8,37.7,11.3,6,3.2,Su2,79.9,16.3,3.8,LoSa,NA,0.11,NA,NA
TUBS_218,1.6,0.4,80.9,15.2,3.9,4,35.3,41.6,7.4,3.8,4,Su2,84.5,11.6,3.9,LoSa,NA,0.35,NA,NA
TUBS_219,1.66,0.37,80.9,15.2,3.9,4,35.3,41.6,7.4,3.8,4,Su2,84.5,11.6,3.9,LoSa,NA,0.35,NA,NA
TUBS_220,1.65,0.38,80.9,15.2,3.9,4,35.3,41.6,7.4,3.8,4,Su2,84.5,11.6,3.9,LoSa,NA,0.35,NA,NA
TUBS_221,1.38,0.48,40.9,44.4,14.7,3.3,18.3,19.3,25.7,13.5,5.2,Slu,45.9,39.4,14.7,Lo,NA,NA,NA,NA
TUBS_222,1.38,0.48,40.9,44.4,14.7,3.3,18.3,19.3,25.7,13.5,5.2,Slu,45.9,39.4,14.7,Lo,NA,NA,NA,NA
TUBS_223,1.41,0.47,40.9,44.4,14.7,3.3,18.3,19.3,25.7,13.5,5.2,Slu,45.9,39.4,14.7,Lo,NA,NA,NA,NA
TUBS_224,1.23,0.54,40.9,44.4,14.7,3.3,18.3,19.3,25.7,13.5,5.2,Slu,45.9,39.4,14.7,Lo,NA,NA,NA,NA
TUBS_225,1.27,0.52,40.9,44.4,14.7,3.3,18.3,19.3,25.7,13.5,5.2,Slu,45.9,39.4,14.7,Lo,NA,NA,NA,NA
TUBS_226,1.4,0.47,40.9,44.4,14.7,3.3,18.3,19.3,25.7,13.5,5.2,Slu,45.9,39.4,14.7,Lo,NA,NA,NA,NA
TUDD_001,1.35,0.49,4.0959040959041,77.5224775224775,18.3816183816184,0.8,1.1,2.2,47.1,26.5,4,Ut4,8.4,73.2,18.4,SiLo,NA,1.22,NA,NA
TUDD_002,1.52,0.43,4.004004004004,78.2782782782783,17.7177177177177,0.9,1.1,2,48.2,23.5,6.4,Ut4,8.5,73.8,17.7,SiLo,NA,1.28,NA,NA
TUDD_003,1.34,0.52,3.5035035035035,78.8788788788789,17.6176176176176,0.8,0.9,1.8,48.5,23.2,7.2,Ut4,7.9,74.5,17.6,SiLo,NA,1.2,NA,NA
TUDD_004,1.4,0.48,3.3966033966034,77.9220779220779,18.6813186813187,0.8,1.1,1.5,48.1,23.2,6.7,Ut4,7.59240759240759,73.7262737262737,18.6813186813187,SiLo,NA,1.12,NA,NA
TUDD_005,1.51,0.43,3.3,78.5,18.2,0.8,0.9,1.6,47.4,23.5,7.7,Ut4,7.49250749250749,74.3256743256743,18.1818181818182,SiLo,NA,1.16,NA,NA
TUDD_006,1.47,0.45,3.3,79.3,17.4,0.9,0.9,1.5,48.1,23.7,7.5,Ut4,7.5,75.1,17.4,SiLo,NA,1.14,NA,NA
TUDD_007,1.43,0.48,2.997002997003,76.9230769230769,20.0799200799201,0.6,1,1.4,50.1,21.1,5.8,Ut4,7.39260739260739,72.5274725274725,20.0799200799201,SiLo,NA,1.11,NA,NA
TUDD_008,1.51,0.45,2.6,81.8,15.6,0.4,0.8,1.4,54.7,21.4,5.8,Ut3,7.3,77.1,15.6,SiLo,NA,1.26,NA,NA
TUDD_009,1.43,0.48,3.2,81.4,15.4,0.4,1.1,1.6,53.1,25,3.3,Ut3,7.8,76.8,15.4,SiLo,NA,1.46,NA,NA
TUDD_010,1.49,0.46,2.8,82.3,14.9,0.3,1,1.5,53.1,23.3,5.9,Ut3,7.5,77.6,14.9,SiLo,NA,1.12,NA,NA
TUDD_011,1.23,0.58,2.9029029029029,82.8828828828829,14.2142142142142,0.5,1,1.5,54.3,22,6.6,Ut3,7.7,78.1,14.2,SiLo,NA,1.55,NA,NA
TUDD_012,1.45,0.45,2.9029029029029,81.1811811811812,15.9159159159159,0.3,1,1.6,51.9,24.5,4.7,Ut3,7.5,76.6,15.9,SiLo,NA,1.04,NA,NA
TUDD_013,1.29,0.53,3,81.3,15.7,0.6,0.9,1.5,53.3,22.3,5.8,Ut3,7.69230769230769,76.6233766233766,15.6843156843157,SiLo,NA,1.51,NA,NA
TUDD_014,1.53,0.43,2.6,83.9,13.5,0.6,0.5,1.5,51.2,24.2,8.6,Ut3,7,79.5,13.5,SiLo,NA,1.32,NA,NA
TUDD_015,1.23,0.58,2.4,82.1,15.5,0.4,0.5,1.4,53.2,22.4,6.4,Ut3,7,77.5,15.5,SiLo,NA,1.38,NA,NA
TUDD_016,1.52,0.44,2.7,81.9,15.4,0.5,0.7,1.5,52.7,22.2,7,Ut3,7.4,77.2,15.4,SiLo,NA,1.1,NA,NA
TUDD_017,1.19,0.55,2.997002997003,78.9210789210789,18.0819180819181,0.4,1,1.5,54.1,19.7,5.2,Ut4,7.7,74.2,18.1,SiLo,NA,1.5,NA,NA
TUDD_018,1.44,0.48,3.3966033966034,76.7232767232767,19.8801198801199,0.8,1.2,1.4,48.5,21,7.3,Ut4,7.6,72.5,19.9,SiLo,NA,0.96,NA,NA
TUDD_019,1.35,0.49,3.1,76.4,20.5,0.6,1,1.6,47.7,24.3,4.3,Ut4,7.3,72.2,20.5,SiLo,NA,2.11,NA,NA
TUDD_020,1.52,0.43,3.7,77.4,18.9,1.1,1.1,1.6,48.3,22.2,6.9,Ut4,8,73.1,18.9,SiLo,NA,0.92,NA,NA
TUDD_021,1.22,0.59,3.4,75.7,20.9,0.8,1.1,1.5,46.4,20.9,8.4,Ut4,7.6,71.5,20.9,SiLo,NA,1.86,NA,NA
TUDD_022,1.43,0.5,4.1,76.6,19.3,0.8,1,2.4,46.6,23.3,6.7,Ut4,8.5,72.2,19.3,SiLo,NA,0.88,NA,NA
TUDD_023,1.56,0.43,3.5,80.5,16,0.8,1,1.7,46.9,22.1,11.5,Ut3,7.7,76.3,16,SiLo,NA,0.86,NA,NA
TUDD_024,1.15,0.65,2.9,77.5,19.6,0.6,0.8,1.4,48.5,20,9,Ut4,7.2,73.2,19.6,SiLo,NA,1.74,NA,NA
TUDD_025,1.47,0.47,3.2,78.9,17.9,0.8,0.9,1.5,47.8,22.1,9,Ut4,7.4,74.7,17.9,SiLo,NA,0.84,NA,NA
TUDD_026,1.42,0.48,3.003003003003,76.5765765765766,20.4204204204204,0.8,0.9,1.4,50.5,19.4,6.6,Ut4,7.5,72.1,20.4,SiLo,NA,1.89,NA,NA
TUDD_027,1.21,0.63,4.2042042042042,77.0770770770771,18.7187187187187,0.6,0.5,3.1,46.5,23.2,7.3,Ut4,9,72.3,18.7,SiLo,NA,1.38,NA,NA
TUDD_028,1.64,0.38,2.002002002002,75.0750750750751,22.9229229229229,0.3,0.2,1.5,45,24.4,5.7,Ut4,6,71.1,22.9,SiLo,NA,0.36,NA,NA
TUDD_029,1.39,0.51,2.8,76,21.2,0.8,0.5,1.5,45.7,23.4,7,Ut4,6.8,72,21.2,SiLo,NA,1.18,NA,NA
TUDD_030,1.57,0.41,2.3023023023023,78.4784784784785,19.2192192192192,0.1,0.2,2.1,44.3,24.5,9.7,Ut4,6.5,74.3,19.2,SiLo,NA,0.34,NA,NA
TUDD_031,1.39,0.49,2.1,77.7,20.2,0.5,0.4,1.2,46.4,23.8,7.5,Ut4,6.1,73.7,20.2,SiLo,NA,1.26,NA,NA
TUDD_032,1.57,0.41,3.6,78,18.4,0.6,0.7,2.3,47.9,22.3,7.8,Ut4,8.1,73.5,18.4,SiLo,NA,0.7,NA,NA
TUDD_033,1.14,0.62,2.4,75.8,21.8,0.4,0.5,1.4,48.1,21.5,6.2,Ut4,6.60660660660661,71.5715715715716,21.8218218218218,SiLo,NA,1.32,NA,NA
UFZ_001,1.54,0.42,69.4,9.8,20.8,0.7,10.8,57.9,5.5,2.2,2.1,St3,72.1,7.1,20.8,SaClLo,NA,1.73,NA,NA
UFZ_002,1.49,0.44,65.4,13.1,21.5,0.2,13,52.2,3.9,6.2,3,St3,67.3,11.2,21.5,SaClLo,NA,1.65,NA,NA
UFZ_003,1.52,0.43,62,12,26,0.6,15,46.4,5.9,4.1,2,Ts4,64.9,9.1,26,SaClLo,NA,1.7,NA,NA
UFZ_004,1.34,0.49,62,15.1,22.9,1.1,10.5,50.4,8.5,5.5,1.1,Ls4,66.2,10.9,22.9,SaClLo,NA,3.23,NA,NA
UFZ_005,1.46,0.45,66.6,14.6,18.8,0.4,12.4,53.8,8.8,3,2.8,St3,70.9,10.3,18.8,SaLo,NA,1.39,NA,NA
UFZ_006,1.57,0.41,63.7,15.8,20.5,0.1,10.1,53.5,9.1,4.4,2.3,Ls4,68.1681681681682,11.3113113113113,20.5205205205205,SaClLo,NA,0.51,NA,NA
UFZ_007,1.52,0.43,64.8,9.5,25.7,0.1,10.3,54.4,2.8,4.7,2,Ts4,66.2,8.1,25.7,SaClLo,NA,0.64,NA,NA
UFZ_008,1.53,0.42,65.1,13.4,21.5,0.5,10.4,54.2,8.4,4.8,0.2,St3,69.2307692307692,9.29070929070929,21.4785214785215,SaClLo,NA,0.74,NA,NA
UFZ_009,1.5,0.43,64.4,13.7,21.9,0.1,10.8,53.4,8.2,5.5,0,St3,68.4,9.7,21.9,SaClLo,NA,1.1,NA,NA
UFZ_010,1.41,0.47,59.8,16,24.2,0.8,5.5,53.5,8.8,4.6,2.6,Ls4,64.1,11.7,24.2,SaClLo,NA,1.25,NA,NA
UFZ_011,1.47,0.45,64.4,17.6,18,0,9.7,54.7,14.8,0.6,2.2,Ls4,71.3,10.7,18,SaLo,NA,0.63,NA,NA
UFZ_012,1.36,0.49,60.8391608391608,14.8851148851149,24.2757242757243,0.5,9.6,50.8,7.6,5,2.3,St3,64.5354645354645,11.1888111888112,24.2757242757243,SaClLo,NA,0.85,NA,NA
UFZ_013,1.41,0.47,5.7,74.7,19.6,0.2,1.9,3.6,39.6,29.5,5.5,Ut4,9.90990990990991,70.4704704704705,19.6196196196196,SiLo,NA,1.86,NA,NA
UFZ_014,1.39,0.48,5.7,74.7,19.6,0.2,1.9,3.6,39.6,29.5,5.5,Ut4,9.90990990990991,70.4704704704705,19.6196196196196,SiLo,NA,1.86,NA,NA
UFZ_015,1.41,0.47,5.7,74.7,19.6,0.2,1.9,3.6,39.6,29.5,5.5,Ut4,9.90990990990991,70.4704704704705,19.6196196196196,SiLo,NA,1.86,NA,NA
UFZ_016,1.45,0.45,5.7,74.7,19.6,0.2,1.9,3.6,39.6,29.5,5.5,Ut4,9.90990990990991,70.4704704704705,19.6196196196196,SiLo,NA,1.86,NA,NA
UFZ_017,1.36,0.49,5.7,74.7,19.6,0.2,1.9,3.6,39.6,29.5,5.5,Ut4,9.90990990990991,70.4704704704705,19.6196196196196,SiLo,NA,1.86,NA,NA
UFZ_018,1.29,0.51,5.7,74.7,19.6,0.2,1.9,3.6,39.6,29.5,5.5,Ut4,9.90990990990991,70.4704704704705,19.6196196196196,SiLo,NA,1.86,NA,NA
UFZ_019,1.44,0.46,5.7,74.7,19.6,0.2,1.9,3.6,39.6,29.5,5.5,Ut4,9.90990990990991,70.4704704704705,19.6196196196196,SiLo,NA,1.86,NA,NA
UFZ_020,1.33,0.5,5.4,67,27.6,1,1.4,3,40.8,20.5,5.8,Tu4,9.6,62.8,27.6,SiClLo,NA,2.12,NA,NA
UFZ_021,1.24,0.53,5.4,67,27.6,1,1.4,3,40.8,20.5,5.8,Tu4,9.6,62.8,27.6,SiClLo,NA,2.12,NA,NA
UFZ_022,1.24,0.53,5.4,67,27.6,1,1.4,3,40.8,20.5,5.8,Tu4,9.6,62.8,27.6,SiClLo,NA,2.12,NA,NA
UFZ_023,1.21,0.54,5.4,67,27.6,1,1.4,3,40.8,20.5,5.8,Tu4,9.6,62.8,27.6,SiClLo,NA,2.12,NA,NA
UFZ_024,1.38,0.48,5.4,67,27.6,1,1.4,3,40.8,20.5,5.8,Tu4,9.6,62.8,27.6,SiClLo,NA,2.12,NA,NA
UFZ_025,1.33,0.5,5.4,67,27.6,1,1.4,3,40.8,20.5,5.8,Tu4,9.6,62.8,27.6,SiClLo,NA,2.12,NA,NA
UFZ_026,1.35,0.49,5.4,67,27.6,1,1.4,3,40.8,20.5,5.8,Tu4,9.6,62.8,27.6,SiClLo,NA,2.12,NA,NA
UFZ_027,1.22,0.54,5.4,67,27.6,1,1.4,3,40.8,20.5,5.8,Tu4,9.6,62.8,27.6,SiClLo,NA,2.12,NA,NA
UFZ_028,1.26,0.52,77.3,9.7,13,0.6,28.4,48.4,4.9,3,1.8,St2,79.7,7.3,13,SaLo,NA,1.1,NA,NA
UFZ_029,1.4,0.47,80.01998001998,9.79020979020979,10.1898101898102,1.9,24.5,53.7,5.9,2.6,1.3,St2,82.9,6.9,10.2,LoSa,NA,0.72,NA,NA
UFZ_030,1.39,0.48,79.6,10.4,10,1.2,24.3,54,6.1,2.8,1.5,Sl3,82.6,7.4,10,LoSa,NA,1.12,NA,NA
UFZ_031,1.21,0.54,75.2,10,14.8,0.7,28.9,45.6,5.5,3.5,1,St2,77.9,7.3,14.8,SaLo,NA,1.96,NA,NA
UFZ_032,1.36,0.49,91.6,3.6,4.8,0.6,33.9,57.1,2.8,0.8,0,Ss,93,2.2,4.8,Sa,NA,0.48,NA,NA
UFZ_033,1.42,0.46,88.2,4.7,7.1,0.9,29.1,58.2,3.4,0.5,0.8,St2,89.9,3,7.1,Sa,NA,0.59,NA,NA
UFZ_034,1.19,0.55,70.5,11.7,17.8,1,28.3,41.2,6.9,2.9,1.9,St3,73.8738738738739,8.30830830830831,17.8178178178178,SaLo,NA,1.92,NA,NA
UFZ_035,1.66,0.37,79.5,9,11.5,0.9,29.1,49.5,5.7,2.4,0.9,St2,82.3,6.2,11.5,LoSa,NA,0.58,NA,NA
UFZ_036,1.6,0.4,82.2,6.6,11.2,1.2,25.7,55.2,3.2,2.2,1.2,St2,83.7837837837838,5.005005005005,11.2112112112112,LoSa,NA,0.6,NA,NA
UFZ_037,1.63,0.38,77.2,9.7,13.1,2.1,25.4,49.7,5.1,3.7,0.9,St2,79.7,7.2,13.1,SaLo,NA,0.7,NA,NA
UFZ_038,1.7,0.36,86.6,6,7.4,0.4,33.6,52.6,3.9,1.5,0.6,St2,88.5,4.1,7.4,LoSa,NA,0.32,NA,NA
UFZ_039,1.42,0.46,90,5.2,4.8,0.6,37.5,51.8,3.2,0.3,1.7,Ss,91.5915915915916,3.6036036036036,4.8048048048048,Sa,NA,1.14,NA,NA
UFZ_040,1.49,0.44,90.8,3,6.2,0.9,37.8,52.1,1.7,0.1,1.2,St2,91.6083916083916,2.1978021978022,6.19380619380619,Sa,NA,0.59,NA,NA
UFZ_041,1.36,0.49,81.9180819180819,7.49250749250749,10.5894105894106,0.5,30.7,50.8,4.3,2.5,0.7,St2,84.015984015984,5.39460539460539,10.5894105894106,LoSa,NA,1.41,NA,NA
UFZ_042,1.46,0.45,86,6.5,7.5,0.8,32.4,52.9,4,1.9,0.6,St2,88,4.5,7.5,LoSa,NA,1.14,NA,NA
UFZ_043,1.11,0.58,89.3,4.7,6,0.4,37.4,51.6,2.6,1.7,0.4,St2,90.6,3.4,6,Sa,NA,1.28,NA,NA
UFZ_044,1.1,0.58,72.4724724724725,13.2132132132132,14.3143143143143,1.8,26.3,44.3,6.5,4.6,2.1,Sl4,75.6756756756757,10.01001001001,14.3143143143143,SaLo,NA,2.41,NA,NA
UFZ_045,1.29,0.51,89.2,5.1,5.7,3,33.8,52.4,2.9,1.5,0.7,St2,90.6093906093906,3.6963036963037,5.69430569430569,Sa,NA,0.92,NA,NA
