Sample_ID,al_VGM,n_VGM,thr_VGM,ths_VGM,ks_VGM,lambda_VGM,al_PDI,n_PDI,thr_PDI,ths_PDI,ks_PDI,lambda_PDI,th_1_8_PDI,th_2_5_PDI,th_4_2_PDI
FSUJ_001,0.0114,1.23,0,0.4314,0.338,-1.42,0.1078,1.22,0.3525,0.4396,13.565,10,0.3779,0.3175,0.1824
FSUJ_002,0.0055,1.3,0,0.4491,0.205,-0.28,0.0575,1.27,0.3475,0.4631,14.017,10,0.4046,0.3354,0.1876
FSUJ_003,0.0068,1.29,0,0.4407,0.586,-2.31,0.0154,1.43,0.248,0.4456,8.505,10,0.406,0.3166,0.1507
FSUJ_004,0.0025,1.37,0,0.3558,0.077,0.75,0.0183,1.31,0.2726,0.3691,2.073,10,0.3479,0.2962,0.1618
FSUJ_005,0.0065,1.28,0,0.3991,0.187,-2.63,0.0305,1.34,0.2748,0.4097,9.759,10,0.3636,0.294,0.156
FSUJ_006,0.0098,1.27,0,0.4637,3.033,0.23,0.0222,1.4,0.2746,0.4686,14.204,3.74,0.4154,0.324,0.1608
FSUJ_007,0.0201,1.2,0,0.4708,0.804,-1.12,0.0849,1.28,0.3497,0.4774,28.256,10,0.3988,0.3277,0.183
FSUJ_008,0.0031,1.37,0,0.409,0.079,-0.31,0.0263,1.32,0.3032,0.4253,5.976,10,0.3885,0.322,0.1743
FSUJ_009,0.0067,1.3,0,0.4287,0.248,-0.39,0.0348,1.33,0.3017,0.4397,11.985,10,0.3882,0.3154,0.1693
FSUJ_010,0.0036,1.25,0,0.4643,0.148,6.87,0.0052,1.44,0.2859,0.4613,1,10,0.4512,0.3981,0.1928
FSUJ_011,0.0068,1.27,0,0.429,0.09,-1.11,0.0816,1.23,0.3534,0.4394,9.769,10,0.3865,0.3256,0.1869
FSUJ_012,0.0046,1.29,0,0.419,0.241,0.59,0.0184,1.36,0.2836,0.4252,5.097,10,0.3928,0.3226,0.1683
FSUJ_013,0.0061,1.24,0,0.4376,0.201,2.81,0.0448,1.25,0.3525,0.4453,5.834,10,0.4055,0.3432,0.1949
FSUJ_014,0.0051,1.31,0,0.4117,0.198,-2.93,0.0152,1.43,0.2351,0.4205,7.315,10,0.3838,0.3,0.143
FSUJ_015,0.0681,1.07,0.0434,0.4886,30.61,-10,0.0173,1.28,0.3675,0.4691,1.896,10,0.4485,0.3917,0.2197
FSUJ_016,0.003,1.29,0,0.5713,0.051,0.96,0.0028,1.58,0.2561,0.5649,1.047,10,0.558,0.5011,0.1921
FSUJ_017,0.0075,1.23,0,0.5043,0.58,3.2,0.0227,1.32,0.364,0.5075,6.605,10,0.469,0.3915,0.2119
FSUJ_018,0.0136,1.22,0,0.4054,0.769,-2.21,0.0531,1.3,0.2907,0.4111,15.305,10,0.3529,0.2877,0.1576
FSUJ_019,0.0029,1.37,0,0.4089,0.042,-2.41,0.0403,1.26,0.3292,0.422,5.287,10,0.3848,0.3248,0.1833
FSUJ_020,0.0035,1.35,0,0.4301,0.092,1.25,0.0208,1.32,0.3179,0.4368,3.894,10,0.4074,0.343,0.1865
FSUJ_021,0.0033,1.37,0,0.6264,0.741,-1.12,0.003,1.64,0.2193,0.6197,2.114,2.12,0.6099,0.5271,0.1677
FSUJ_022,0.1475,1.12,0,0.6689,1044.54,-1.6,0.2463,1.32,0.5325,0.6624,107.411,-0.28,0.5016,0.4173,0.2414
FSUJ_023,0.0201,1.4,0.0074,0.4676,130.8,0.75,0.0197,1.62,0.1427,0.4621,45.165,-0.14,0.3666,0.221,0.0819
FSUJ_024,0.0043,1.4,0,0.5865,46.371,2.24,0.0035,1.69,0.1503,0.578,3.312,-0.82,0.5651,0.4582,0.1167
FSUJ_025,0.0217,1.21,0,0.6053,12478,5.7,0.0185,1.44,0.3057,0.5961,25.791,-1,0.5266,0.3954,0.1832
FSUJ_026,0.0075,1.23,0,0.6622,26.832,-0.22,0.0373,1.31,0.4894,0.6846,24.868,-1,0.6088,0.5004,0.2732
FSUJ_027,0.0307,1.17,0,0.7465,120.512,-0.83,0.1641,1.25,0.5798,0.7662,108.165,-1,0.6146,0.5094,0.2893
FSUJ_028,0.044,1.18,0,0.6419,144.784,-0.51,0.1431,1.29,0.4509,0.6541,135.637,-0.14,0.5034,0.4088,0.2263
FSUJ_029,0.0096,1.28,0,0.737,38.978,2.55,0.0135,1.47,0.3615,0.7377,26.386,0.81,0.6703,0.5054,0.224
FSUJ_030,0.0713,1.12,0,0.708,2462.62,2.76,0.1407,1.24,0.5414,0.7048,69.803,-0.92,0.578,0.4804,0.2735
FSUJ_031,0.0282,1.19,0.0304,0.7654,872.214,3.18,0.0326,1.42,0.4832,0.7576,54.774,-0.37,0.6468,0.5045,0.2624
FSUJ_032,0.0451,1.19,0.073,0.8009,941.389,2.86,0.0522,1.47,0.5685,0.791,82.692,-0.06,0.6447,0.5119,0.2827
FSUJ_033,0.0338,1.21,0.2075,0.7848,72.222,-2.13,0.0627,1.31,0.6087,0.7817,41.262,-1,0.6735,0.5566,0.3142
FSUJ_034,0.0269,1.21,0,0.6084,693.637,2.31,0.0432,1.38,0.351,0.611,68.127,-0.78,0.4982,0.3824,0.1939
FSUJ_035,0.0038,1.39,0,0.5898,38.938,2.71,0.0035,1.65,0.1851,0.5835,2.807,-1,0.5712,0.4749,0.1403
FSUJ_036,0.0065,1.39,0,0.6223,14.636,0.61,0.0046,1.69,0.1398,0.6122,6.874,1.55,0.5902,0.4411,0.1058
FSUJ_037,0.0036,1.31,0,0.5245,5.996,-0.93,0.0036,1.57,0.2303,0.5203,1.522,-1,0.5106,0.442,0.1673
FSUJ_038,0.0071,1.29,0,0.5769,100.935,2.8,0.0083,1.5,0.2708,0.5741,7.572,-1,0.5422,0.424,0.1771
FSUJ_039,0.003,1.33,0,0.5796,24.747,2.27,0.0029,1.61,0.2338,0.5744,1.459,-1,0.5661,0.4982,0.1762
FSUJ_040,0.0245,1.22,0,0.5648,251.008,1.58,0.0312,1.41,0.2981,0.5633,47.406,-0.26,0.4683,0.3506,0.1699
FSUJ_041,0.0083,1.24,0,0.5997,92.234,1.97,0.0124,1.43,0.3371,0.6003,10.568,-1,0.5578,0.4424,0.209
FSUJ_042,0.0129,1.24,0,0.6153,37.978,-0.34,0.0255,1.4,0.3517,0.6199,34.324,-0.93,0.5375,0.413,0.2036
FSUJ_043,0.0073,1.35,0,0.5277,118.811,1.9,0.006,1.61,0.1622,0.5191,6.371,-0.93,0.4939,0.367,0.1142
FSUJ_044,0.0096,1.31,0,0.6015,316.128,4.18,0.0095,1.54,0.2325,0.5963,14.564,-0.02,0.5504,0.4009,0.1519
FSUJ_045,0.0171,1.25,0,0.6248,1881.9,4.63,0.0267,1.42,0.3242,0.627,49.499,-0.7,0.5296,0.3943,0.1876
FSUJ_046,0.0086,1.3,0,0.6335,258.801,4.21,0.0099,1.51,0.2773,0.6298,14.045,-0.37,0.5843,0.439,0.1789
FSUJ_047,0.0141,1.25,0,0.6601,2311.38,4,0.0172,1.45,0.3271,0.6571,29.957,-1,0.5828,0.4349,0.1978
FSUJ_048,0.0134,1.23,0,0.6033,366.985,2.26,0.0165,1.43,0.3214,0.6006,19.517,-1,0.5405,0.4141,0.1943
FSUJ_049,0.0039,1.32,0.0112,0.5468,218.321,4.02,0.0024,1.67,0.1805,0.5357,1.082,-1,0.5297,0.4715,0.1437
KIT_001,0.267,1.16,0,0.6021,398.638,-4.01,0.1906,1.91,0.436,0.5861,366.398,-0.31,0.3715,0.3098,0.1852
KIT_002,0.0245,2.3,0.0509,0.57,27.239,-0.89,0.0246,3.71,0.1775,0.5558,140.292,-0.96,0.2697,0.1461,0.0875
KIT_003,0.0032,1.3,0,0.4307,1.276,1.49,0.0032,1.57,0.1949,0.4267,0.787,1.76,0.4201,0.3707,0.1432
KIT_004,0.0205,3.29,0.1025,0.41,8.223,-0.76,0.0225,4.99,0.1765,0.41,44.702,-0.86,0.2207,0.1454,0.0878
KIT_005,0.0137,1.25,0,0.4533,1.633,-4.69,0.2149,1.25,0.3537,0.4729,57.082,-0.56,0.3679,0.3046,0.173
KIT_006,0.0064,1.24,0,0.5628,0.491,-5.06,0.0156,1.37,0.3738,0.5678,7.495,10,0.5295,0.4366,0.2252
KIT_007,0.0168,2.86,0.0661,0.4303,2.599,-1.15,0.0177,4.42,0.1522,0.4212,36.64,-0.49,0.2761,0.1284,0.0772
KIT_008,0.0027,1.37,0,0.535,0.066,1.55,0.0113,1.35,0.3879,0.54,2.495,10,0.5188,0.4497,0.2405
KIT_009,0.0431,1.24,0,0.66,929.193,0.27,0.0445,1.44,0.2884,0.6574,168.619,-0.61,0.4903,0.3472,0.1605
KIT_010,0.0268,1.24,0,0.481,16.536,-1.09,0.037,1.4,0.2541,0.4797,43.875,2.34,0.3897,0.2916,0.1427
KIT_011,0.0132,1.78,0.0284,0.4755,23.971,0.01,0.013,2.31,0.1301,0.4697,30.811,-0.29,0.3848,0.1639,0.0681
KIT_012,0.0448,1.27,0,0.4351,15.841,-2.41,0.0414,1.47,0.1599,0.4295,87.265,1.9,0.3096,0.2084,0.0902
KIT_013,0.0625,1.33,0.0063,0.7393,414.523,2.7,0.0438,1.54,0.1655,0.7149,452.854,4.35,0.4491,0.2626,0.0951
KIT_014,0.3332,1.22,0,0.6784,1e+05,2.75,0.2763,1.39,0.2627,0.6617,1427.065,0.71,0.3451,0.2542,0.1261
KIT_015,0.0215,2.2,0.0436,0.54,29.848,-0.67,0.0227,3.77,0.1836,0.5362,103.462,-1,0.2863,0.1522,0.0911
KIT_016,0.0055,1.36,0,0.4466,3.224,2.41,0.0053,1.6,0.15,0.4424,3.373,3.4,0.4251,0.3289,0.1064
KIT_017,0.0218,2.3,0.0128,0.3044,26.325,0.5,0.0222,2.72,0.0527,0.3007,48.09,0.4,0.1628,0.052,0.0262
KIT_018,0.0076,1.27,0,0.6561,0.846,-0.42,0.0115,1.45,0.3564,0.6562,12.182,10,0.6114,0.483,0.2232
KIT_019,0.1206,1.27,0.0284,0.47,492.132,-1.2,0.1205,1.48,0.1979,0.47,377.807,-0.07,0.2733,0.1952,0.0962
KIT_020,0.0044,1.35,0,0.5771,2.712,1.73,0.004,1.62,0.1987,0.571,3.176,3.12,0.5566,0.4566,0.1461
KIT_021,0.0332,1.24,0,0.5896,214.258,0.29,0.0399,1.42,0.287,0.5866,90.383,-0.04,0.4603,0.3363,0.1605
KIT_022,0.1378,1.21,0,0.5748,4779.42,1.29,0.0842,1.62,0.2954,0.5516,287.012,-0.06,0.3483,0.2566,0.1378
KIT_023,0.1069,1.19,0,0.57,883.554,-3.31,0.1496,1.35,0.3135,0.57,290.393,-1,0.387,0.2995,0.1568
KIT_024,0.023,1.24,0,0.4764,121.431,2.69,0.0244,1.44,0.2292,0.4714,28.433,0.97,0.398,0.2909,0.1341
KIT_025,0.0124,1.29,0,0.3628,5.009,-1.4,0.015,1.49,0.16,0.3608,9.245,1.03,0.3204,0.2321,0.0987
KIT_026,0.0084,1.29,0,0.4553,2.205,-3.27,0.0084,1.53,0.1857,0.4515,6.14,1.04,0.4229,0.3179,0.1226
KIT_027,0.0791,1.25,0,0.6252,3726.76,0.69,0.0637,1.52,0.2801,0.6067,265.665,-0.62,0.4057,0.2862,0.1404
KIT_028,0.0669,1.17,0,0.5147,1183.21,-1.86,0.1185,1.32,0.322,0.5186,121.141,-1,0.3854,0.3053,0.1638
KIT_029,0.0064,1.32,0,0.6202,0.458,-3.71,0.0095,1.49,0.2936,0.6217,11.068,10,0.5815,0.4483,0.1893
KIT_030,0.1073,1.22,0,0.5905,1763.84,0.58,0.0776,1.46,0.2507,0.5711,291.046,0.58,0.375,0.2669,0.1287
KIT_031,0.0126,1.24,0,0.4785,22.341,-1.97,0.0177,1.43,0.2622,0.4782,12.863,-1,0.4288,0.3301,0.1573
KIT_032,0.0102,1.32,0,0.6337,2.011,1.57,0.015,1.47,0.3023,0.6337,24.748,10,0.5674,0.4209,0.1856
KIT_033,0.1024,1.34,0.0187,0.6614,36.647,-0.94,0.0925,1.49,0.1724,0.6474,868.328,9.66,0.3472,0.2208,0.0917
KIT_034,0.0236,1.74,0.0211,0.52,9.246,-0.98,0.0235,3.42,0.2015,0.5143,87.428,-0.56,0.2942,0.1672,0.0996
KIT_035,0.0046,1.28,0,0.429,1.491,3.41,0.0044,1.52,0.2133,0.4148,1.027,5.38,0.4056,0.3509,0.149
KIT_036,0.0329,1.51,0.021,0.558,19.865,-0.42,0.0304,1.71,0.1118,0.5505,197.59,2.43,0.3511,0.1782,0.0604
KIT_037,0.0121,1.26,0,0.3975,1.202,0.75,0.0222,1.42,0.2192,0.4008,13.069,10,0.3504,0.2669,0.1286
KIT_038,0.0541,1.19,0,0.4729,1970.22,0.89,0.1391,1.32,0.3035,0.4827,116.115,-1,0.3546,0.2822,0.1525
KIT_039,0.0156,1.42,0.0816,0.65,21.537,1.45,0.0166,2,0.3526,0.65,35.894,0.95,0.5479,0.3543,0.1817
KIT_040,0.0161,1.53,0.019,0.4313,1.815,-0.07,0.0148,2.46,0.196,0.4229,17.888,3.88,0.3492,0.1905,0.1009
KIT_041,0.1035,1.24,0,0.6206,4491.87,0.23,0.1018,1.42,0.2457,0.6128,491.946,-0.49,0.3799,0.2698,0.1277
KIT_042,0.3429,1.17,0,0.57,805.498,-3.21,0.4493,1.33,0.3194,0.57,645.625,0.69,0.339,0.2686,0.1455
KIT_043,0.0092,1.29,0,0.3874,9.628,-0.08,0.01,1.51,0.1715,0.3842,5.21,-0.27,0.3564,0.2685,0.1104
KIT_044,0.0922,1.26,0,0.6428,1930.73,1.4,0.085,1.45,0.2325,0.6354,503.21,1.02,0.3926,0.2703,0.1231
KIT_045,0.0022,1.29,0,0.4525,0.125,5.87,0.0081,1.35,0.3351,0.4561,0.893,10,0.4444,0.3967,0.2144
KIT_046,0.0225,2.52,0.0469,0.5055,3.817,-1.5,0.0223,4.32,0.1501,0.486,90.974,-0.81,0.2368,0.124,0.0747
KIT_047,0.0011,1.26,0,0.3939,0.01,1.92,2e-04,1.91,0.1738,0.3873,0.002,10,0.3873,0.387,0.2318
KIT_048,0.0214,2.16,0.0421,0.54,6.844,-1.08,0.0243,4.01,0.21,0.54,103.811,-0.88,0.2812,0.1722,0.1036
KIT_049,0.0085,1.26,0,0.464,2.631,0.52,0.0127,1.44,0.2554,0.4633,6.918,3.14,0.4287,0.3375,0.1581
KIT_050,0.0313,1.32,0,0.5654,35.715,0.78,0.025,1.54,0.1567,0.5561,96.361,4.37,0.422,0.2588,0.0942
KIT_051,0.0095,1.3,0,0.4734,4.121,0.24,0.0098,1.52,0.1974,0.4694,8.306,2.68,0.4344,0.3225,0.1279
KIT_052,0.0101,1.18,0,0.3834,0.617,-1.58,0.0214,1.31,0.2837,0.3815,2.656,10,0.3569,0.3026,0.1662
KIT_053,0.0448,1.49,0.0148,0.4437,134.516,0.26,0.0411,1.75,0.119,0.4352,177.016,0.6,0.253,0.14,0.0595
KIT_054,0.0177,1.35,0.0032,0.44,141.979,2.24,0.0175,1.56,0.1297,0.44,31.884,0.43,0.3632,0.2288,0.0809
KIT_055,0.007,1.25,0,0.6061,2.302,-2.12,0.0368,1.28,0.4649,0.6159,13.262,-1,0.5585,0.4674,0.2602
KIT_056,0.0222,1.98,0.0509,0.5,2.948,-1.62,0.0238,4.13,0.2061,0.5,79.46,0.15,0.269,0.1691,0.1019
KIT_057,0.0729,1.21,0,0.5365,3509.08,2.14,0.1184,1.37,0.2854,0.5486,254.336,-0.42,0.3739,0.2841,0.1455
KIT_058,0.008,1.32,0,0.3718,5.13,-1.77,0.0083,1.54,0.1446,0.3681,4.279,-0.43,0.3443,0.2561,0.096
KIT_059,0.0171,1.2,0,0.4965,14.064,10,0.0289,1.35,0.3248,0.495,14.695,8.14,0.4389,0.3528,0.1853
KIT_060,0.0262,1.19,0,0.4736,19.965,-4.27,0.1287,1.28,0.3479,0.4924,59.551,-1,0.3882,0.3168,0.1761
KIT_061,0.0535,1.21,0,0.4814,354.073,-1.9,0.1381,1.34,0.2858,0.4939,169.55,-1,0.3478,0.2717,0.1437
KIT_062,0.0392,1.2,0,0.6166,49.065,-0.04,0.0792,1.33,0.3869,0.62,109.425,2.18,0.484,0.3819,0.2031
KIT_063,0.0208,2.96,0.0366,0.3079,14.129,-0.59,0.0216,3.76,0.0773,0.3043,38.929,-0.61,0.1538,0.0648,0.0385
KIT_064,0.0152,1.2,0,0.4333,3.304,-5.55,0.1591,1.23,0.3491,0.4478,27.475,-1,0.3668,0.3059,0.175
KIT_065,0.0201,1.25,0,0.3873,3.214,-1.11,0.0215,1.46,0.1782,0.3836,17.196,9.28,0.3268,0.236,0.1058
KIT_066,0.0148,1.34,0,0.5098,21.843,0.84,0.0135,1.56,0.1554,0.505,25.859,1.77,0.4382,0.2858,0.0994
KIT_067,0.0167,1.43,0.0073,0.37,6.189,-0.59,0.0196,1.56,0.1035,0.37,28.82,2.05,0.2964,0.1826,0.0639
KIT_068,0.0339,1.24,0,0.65,378.853,3.46,0.0383,1.43,0.3036,0.6463,113.767,1.59,0.5046,0.364,0.1707
KIT_069,0.0691,1.14,0,0.4512,61.952,-6.75,0.2862,1.23,0.354,0.4597,52.082,-1,0.3559,0.2965,0.17
KIT_070,0.1067,1.17,0,0.6637,6938.07,0.73,0.2063,1.31,0.4161,0.6725,342.322,-1,0.4688,0.374,0.203
KIT_071,0.0312,2.11,0.0506,0.56,468.18,-0.26,0.0307,3.06,0.1665,0.5468,216.816,-1,0.2452,0.1368,0.0805
KIT_072,0.1198,1.14,0,0.554,422.18,-1.9,0.2648,1.27,0.3904,0.5591,152.869,0.24,0.4087,0.3345,0.1874
KIT_073,0.0051,1.27,0,0.5176,0.299,2.1,0.0127,1.38,0.3464,0.5214,4.317,10,0.4932,0.4131,0.2127
KIT_074,0.0194,1.22,0,0.5748,3.523,-1.94,0.0317,1.39,0.3251,0.5778,42.249,8.71,0.4871,0.3719,0.1847
KIT_075,0.0192,1.38,0.0064,0.5914,16.812,1.58,0.0167,1.58,0.1465,0.5845,61.086,5.44,0.478,0.2874,0.0928
KIT_076,0.0114,1.2,0,0.4502,2.279,-6.34,0.0365,1.3,0.3284,0.4531,9.636,-1,0.4056,0.335,0.1837
KIT_077,0.0054,1.34,0,0.509,2.264,1.35,0.0052,1.59,0.1855,0.5039,3.706,3.41,0.486,0.3846,0.1311
KIT_078,0.5,1.15,0,0.501,619.239,-5.09,0.268,2,0.3616,0.4799,322.622,-0.82,0.2947,0.2489,0.1497
KIT_079,0.0044,1.32,0,0.6143,0.787,-2.12,0.0042,1.6,0.2299,0.6097,3.564,5,0.594,0.4896,0.1666
KIT_080,0.0056,1.26,0,0.5324,0.859,-1.92,0.0076,1.47,0.2869,0.5307,4.032,9.36,0.5078,0.4163,0.1874
KIT_081,0.0134,1.25,0,0.5142,182.987,1.61,0.0136,1.47,0.2432,0.5091,13.518,-1,0.4608,0.3444,0.1508
KIT_082,0.0068,1.17,0,0.4169,0.48,0.59,0.0105,1.28,0.3225,0.4021,0.512,10,0.3924,0.3555,0.2019
KIT_083,0.0232,2.52,0.0407,0.5619,13.942,-1.01,0.0237,4.31,0.1748,0.543,123.236,-0.92,0.2536,0.1436,0.0865
KIT_084,0.0334,1.17,0,0.4689,14.355,-5.08,0.3852,1.23,0.3795,0.4998,84.967,-1,0.374,0.3114,0.1784
KIT_085,0.0457,1.32,0.0124,0.605,215.949,1.16,0.0358,1.7,0.2573,0.5848,142.958,0.97,0.4095,0.2669,0.129
KIT_086,0.04,1.34,0.0631,0.6181,122.676,0.77,0.0426,1.57,0.285,0.613,160.702,1.25,0.4387,0.3021,0.1457
KIT_087,0.0266,2.57,0.0679,0.58,20.538,-1.09,0.0269,3.78,0.1748,0.5616,175.078,-0.88,0.2463,0.1424,0.0856
KIT_088,0.0085,1.29,0,0.5913,2.025,-2.8,0.0112,1.48,0.2818,0.5898,12.996,1.9,0.5444,0.4138,0.1783
KIT_089,0.0109,1.4,0,0.505,6.756,0.69,0.0104,1.61,0.1291,0.4996,18.976,3.11,0.4455,0.2859,0.0863
KIT_090,0.0177,1.2,0,0.5356,38.741,1.99,0.0423,1.34,0.3568,0.5411,29.263,0.5,0.4627,0.3704,0.197
KIT_091,0.0299,1.28,0,0.44,23.091,-0.36,0.0301,1.49,0.1657,0.4399,55.975,2.25,0.3393,0.228,0.0962
KIT_092,0.5,1.14,0,0.5068,908.513,-5.87,0.4454,1.76,0.3975,0.5004,264.455,-1,0.3157,0.2668,0.16
KIT_093,0.1308,1.19,0,0.4891,8.658,-6.78,0.4354,1.31,0.3043,0.53,476.091,4.89,0.3257,0.2593,0.1407
KIT_094,0.0282,1.16,0,0.5818,90.052,6.33,0.0989,1.25,0.45,0.5859,34.047,2.67,0.495,0.4115,0.2334
KIT_095,0.0165,1.41,0.0105,0.4271,7.225,-0.74,0.0173,1.57,0.1147,0.4251,31.962,1.89,0.3481,0.2135,0.072
KIT_096,0.0142,1.14,0,0.56,32.958,1.51,0.0247,1.29,0.4218,0.5568,6.061,-0.66,0.5188,0.4402,0.2441
KIT_097,0.0566,1.3,0.0084,0.6568,1538.04,3.07,0.0505,1.48,0.2151,0.648,309.692,1.91,0.4329,0.2834,0.1197
KIT_098,0.0017,1.42,0,0.571,0.135,-3.34,0.0012,1.77,0.1592,0.5625,0.379,10,0.5606,0.5337,0.1471
KIT_099,0.0153,1.19,0,0.48,24.641,0.19,0.0161,1.69,0.36,0.4729,4.194,-0.83,0.4361,0.3453,0.1897
KIT_100,0.0204,3.82,0.0553,0.5003,8.207,-1.43,0.0213,5.3,0.1329,0.4924,95.574,-1,0.2156,0.11,0.0665
KIT_101,0.0074,1.24,0,0.6667,3.299,6.59,0.0116,1.42,0.3999,0.6656,9.313,10,0.6258,0.51,0.2487
KIT_102,0.5,1.22,0.1475,0.5515,244.104,-4.66,0.2662,2.4,0.4232,0.5272,313.368,-1,0.3375,0.2888,0.1745
KIT_103,0.1193,1.25,0,0.5165,491.55,-1.12,0.105,1.44,0.1837,0.5076,415.358,0.55,0.2993,0.2075,0.0955
KIT_104,0.0458,1.23,0,0.5261,3969.45,8.35,0.0397,1.44,0.2302,0.5181,86.932,2.41,0.3958,0.2808,0.1293
KIT_105,0.3022,1.17,0,0.4876,1024.02,-2.19,0.1938,1.97,0.3557,0.4648,206.867,-0.67,0.2994,0.2513,0.1507
KIT_106,0.1068,1.25,0,0.6564,15311.6,4.9,0.0783,1.45,0.2318,0.6349,457.921,2.05,0.3984,0.2731,0.1235
KIT_107,0.0048,1.35,0,0.3554,0.18,0.55,0.0048,1.62,0.1137,0.3528,1.885,10,0.3406,0.2661,0.0821
KIT_108,0.4019,1.18,0,0.6,208.725,-4.27,0.4025,1.35,0.2841,0.6,1028.809,6.35,0.3295,0.2536,0.1323
KIT_109,0.0532,1.21,0,0.5314,852.203,1.04,0.0944,1.35,0.3077,0.5363,139.327,-0.72,0.3945,0.3056,0.1594
KIT_110,0.0079,1.31,0,0.5031,1.305,2.83,0.0094,1.52,0.2169,0.5013,8.457,10,0.4663,0.3507,0.1408
KIT_111,0.0386,1.21,0,0.553,523.3,1.59,0.2897,1.28,0.3928,0.5782,205.145,-1,0.412,0.3358,0.1873
KIT_112,0.5,1.15,0,0.4685,1085.12,-3.77,0.5,1.67,0.345,0.4972,548.715,-0.19,0.2806,0.2336,0.1386
KIT_113,0.0496,1.51,0.1053,0.5,33.281,-1.16,0.0528,2.5,0.2945,0.5,165.351,-0.66,0.2954,0.2288,0.1366
KIT_114,0.0046,1.18,0,0.4629,0.12,1.07,0.0032,1.32,0.3525,0.4373,0.08,10,0.4347,0.4184,0.2476
KIT_115,0.0135,1.24,0,0.5794,7.033,-1.9,0.0315,1.38,0.3516,0.5877,34.87,0.65,0.504,0.3925,0.1995
KIT_116,0.1456,1.18,0,0.5143,103.469,-4.12,0.3295,1.3,0.321,0.5241,305.899,1.06,0.3455,0.277,0.1514
KIT_117,0.1437,1.16,0,0.5242,1512.84,-2.11,0.4246,1.28,0.3544,0.54,275.421,-1,0.3629,0.2952,0.1644
KIT_118,0.0126,1.3,0,0.4338,8.916,-0.26,0.0135,1.51,0.171,0.4314,13.57,1.29,0.3833,0.2701,0.1074
KIT_119,0.0027,1.26,0,0.363,0.427,1.76,0.0125,1.3,0.2846,0.3691,0.826,-0.84,0.3565,0.3149,0.1749
KIT_120,0.0164,1.28,0,0.4759,1.098,-2.6,0.1094,1.32,0.3218,0.5052,94.275,10,0.3838,0.3054,0.1647
KIT_121,0.0121,1.29,0,0.37,2.248,0.7,0.0152,1.48,0.169,0.37,9.396,6.62,0.3292,0.2406,0.104
KIT_122,0.0251,1.22,0,0.3466,9.522,-1.8,0.0407,1.38,0.1996,0.3469,20.198,1.22,0.2851,0.2189,0.1108
KIT_123,0.2164,1.22,0,0.5568,1050.6,-1.44,0.1943,1.45,0.2577,0.5468,650.47,0.66,0.3093,0.2312,0.1199
KIT_124,0.0862,1.24,0,0.5325,12772.9,5.28,0.0788,1.43,0.2136,0.5268,265.376,1.17,0.3439,0.2425,0.1134
KIT_125,0.0168,1.47,0.0199,0.41,141.44,1.63,0.0164,1.61,0.0892,0.4074,31.906,0.24,0.3301,0.191,0.0572
KIT_126,0.2947,1.16,0.0184,0.54,3111.68,-1.92,0.1905,1.85,0.3885,0.5276,295.294,-1,0.3345,0.2775,0.1654
KIT_127,0.0202,1.21,0,0.4294,119.627,0.81,0.0278,1.39,0.2457,0.4291,18.151,-1,0.3691,0.2839,0.1411
KIT_128,0.1182,1.19,0,0.5614,6450.4,1.63,0.2559,1.33,0.3202,0.58,463.229,-0.55,0.3693,0.2892,0.1539
KIT_129,0.0102,1.28,0,0.6081,2.16,6.75,0.0238,1.41,0.3406,0.6144,32.745,10,0.5343,0.4081,0.1986
KIT_130,0.046,1.16,0,0.4342,27.228,-4.16,0.3842,1.2,0.3592,0.4491,41.205,-1,0.3492,0.2932,0.1699
KIT_131,0.0115,1.34,0,0.4407,14.79,1.39,0.0077,1.6,0.1257,0.4127,6.398,2.51,0.3845,0.2714,0.086
KIT_132,0.3879,1.15,0,0.5383,3755.9,-1.36,0.1553,2.46,0.4012,0.4968,174.498,-1,0.3337,0.2843,0.1717
KIT_133,0.0185,1.25,0,0.3833,1.818,-2.44,0.0246,1.43,0.1949,0.3826,16.922,9.38,0.3258,0.2417,0.1137
KIT_134,0.004,1.32,0,0.4917,1.712,4.42,0.0039,1.59,0.1943,0.4869,1.872,6.61,0.4757,0.3998,0.1411
KIT_135,0.0046,1.32,0,0.4364,0.832,-2.95,0.0153,1.38,0.2831,0.4393,4.804,-1,0.4088,0.335,0.171
KIT_136,0.0263,1.68,0.0237,0.2929,2.805,-2.21,0.0337,1.72,0.0806,0.2944,56.423,0.38,0.1878,0.1036,0.0416
KIT_137,0.0442,1.31,0,0.692,694.759,2.04,0.0374,1.51,0.2072,0.6786,244.798,1.45,0.4755,0.3004,0.1191
KIT_138,0.2823,1.17,0,0.58,242.307,-4.56,0.1834,2.08,0.4173,0.5598,364.818,-0.3,0.3508,0.2947,0.1772
KIT_139,0.0181,1.18,0,0.4065,3.07,2.67,0.0321,1.34,0.274,0.406,9.993,10,0.3592,0.2907,0.1548
KIT_140,0.2217,1.23,0.0369,0.6903,11752.9,1.33,0.126,2.27,0.435,0.6627,705.342,-0.82,0.3803,0.3151,0.1893
KIT_141,0.0944,1.21,0,0.6234,2364.06,0.15,0.089,1.4,0.285,0.6165,320.226,-0.28,0.4158,0.3046,0.1491
KIT_142,0.0041,1.18,0,0.4051,0.374,7.66,0.0053,1.31,0.3125,0.3923,0.17,10,0.3877,0.364,0.2087
KIT_143,0.0351,1.51,0.0171,0.2667,2.453,-2.83,0.024,3.56,0.1262,0.2517,14.698,-0.04,0.1572,0.1037,0.0622
KIT_144,0.0082,1.26,0,0.6113,0.701,-2.28,0.0167,1.41,0.3563,0.6168,16.556,10,0.5607,0.4405,0.2144
KIT_145,0.0258,2.04,0.0469,0.57,10.721,-1.18,0.0246,3.75,0.1936,0.5492,123.339,-0.86,0.2781,0.1591,0.0954
KIT_146,0.0127,1.19,0,0.4322,1.439,4.15,0.0465,1.26,0.3368,0.4342,7.072,10,0.3911,0.3286,0.1854
KIT_147,0.068,1.14,0,0.4777,96.748,4.74,0.1617,1.25,0.36,0.4752,40.739,7.24,0.382,0.3166,0.1798
KIT_148,0.0034,1.25,0,0.4359,0.089,2.19,0.0085,1.27,0.345,0.4223,0.335,10,0.4148,0.3826,0.2205
KIT_149,0.0212,1.95,0.0323,0.4857,5.289,-1.25,0.0211,3.04,0.1628,0.4757,70.378,-0.23,0.2936,0.1407,0.0812
KIT_150,0.0131,1.21,0,0.3179,2.443,2.56,0.0148,1.41,0.1859,0.3101,3.011,10,0.2865,0.2295,0.113
KIT_151,0.0053,1.26,0,0.5922,0.812,0.89,0.0095,1.43,0.3513,0.5941,5.616,10,0.5647,0.4653,0.223
KIT_152,0.0584,1.24,0,0.45,63.664,0.17,0.0546,1.44,0.1869,0.4444,110.859,3.79,0.3149,0.2214,0.1023
KIT_153,0.0168,1.45,0.0121,0.4875,7.444,-0.91,0.0168,1.6,0.1094,0.4848,46.2,1.37,0.3917,0.2281,0.0697
KIT_154,0.0149,1.23,0,0.4202,3.29,-0.22,0.0382,1.35,0.2718,0.4277,18.929,4.18,0.3653,0.2894,0.1515
KIT_155,0.0207,1.43,0.0736,0.67,513.765,4.84,0.0191,1.94,0.3148,0.6637,62.5,1.01,0.531,0.3273,0.1612
KIT_156,0.0188,1.21,0,0.5356,4.914,-2.61,0.0311,1.38,0.3172,0.5368,29.934,5.09,0.4594,0.3564,0.1802
KIT_157,0.0165,1.46,0.0094,0.38,55.961,1.47,0.0167,1.61,0.0797,0.38,29.385,0.75,0.3055,0.1744,0.0512
KIT_158,0.0033,1.32,0,0.5704,0.293,-1.24,0.0067,1.48,0.3019,0.5744,4.025,10,0.5527,0.4565,0.2004
KIT_159,0.1041,1.16,0,0.3536,103.565,-0.32,0.1408,1.38,0.2371,0.3517,60.144,2.72,0.255,0.2039,0.1127
KIT_160,0.0326,1.95,0.042,0.5273,25.648,-0.99,0.0283,3.53,0.1661,0.4972,141.138,-0.97,0.2264,0.1352,0.0809
KIT_161,0.0119,1.26,0,0.6038,7.658,4.79,0.0121,1.49,0.2772,0.5984,16.295,10,0.5467,0.4087,0.1743
KIT_162,0.0194,1.2,0,0.3978,2.11,1.2,0.0511,1.31,0.2815,0.3994,14.074,10,0.3436,0.28,0.1531
KIT_163,0.0314,1.29,0,0.4761,70.301,0.41,0.0302,1.49,0.1746,0.4708,66.009,1.24,0.3617,0.2418,0.1015
KIT_164,0.018,1.42,0.0757,0.6872,100.231,2.2,0.0174,1.67,0.2739,0.6755,59.781,1.45,0.5627,0.3602,0.151
KIT_165,0.0369,1.37,0.0157,0.5936,113.029,-0.47,0.0335,1.54,0.1573,0.5847,178.326,0.6,0.4077,0.246,0.0914
KIT_166,0.0082,1.21,0,0.4332,1.13,6.46,0.02,1.3,0.3228,0.4294,2.807,10,0.4043,0.3451,0.1902
KIT_167,0.0102,1.27,0,0.4325,7.574,-2.03,0.0126,1.47,0.2086,0.4311,8.22,-0.7,0.394,0.2976,0.1304
KIT_168,0.0126,1.65,0.0187,0.4,23.488,1.28,0.0134,1.82,0.088,0.4,24.494,0.98,0.3303,0.1692,0.05
KIT_169,0.0464,1.25,0,0.6079,315.047,0.77,0.0404,1.46,0.241,0.5942,139.646,1.02,0.441,0.3043,0.1357
KIT_170,0.2423,1.16,0,0.6749,2999.96,-1.7,0.395,1.31,0.4002,0.6824,690.493,-0.21,0.4295,0.3426,0.1863
KIT_171,0.0472,1.23,0,0.5788,93.526,-2.03,0.0529,1.41,0.2765,0.5741,132.129,0.47,0.4285,0.313,0.151
KIT_172,0.0254,1.2,0,0.4465,25.191,0.91,0.2697,1.22,0.365,0.4649,42.304,-0.7,0.3666,0.3065,0.1764
KIT_173,0.0052,1.22,0,0.4887,0.615,3.08,0.0319,1.23,0.4086,0.493,2.683,4.75,0.4655,0.4051,0.2337
KIT_174,0.071,1.24,0,0.66,2945.89,0.72,0.0693,1.44,0.2639,0.66,365.272,-0.37,0.4391,0.3069,0.1417
KIT_175,0.0266,1.19,0,0.4097,7.821,-0.99,0.0621,1.32,0.2745,0.4135,27.086,4.78,0.3406,0.2728,0.1469
KIT_176,0.0161,4.58,0.0501,0.4407,1.504,-1.39,0.0166,5.93,0.1017,0.4358,49.993,-0.37,0.2663,0.0861,0.052
KIT_177,0.0057,1.26,0,0.5296,2.364,1.47,0.0067,1.49,0.2713,0.5256,3.571,3.73,0.5051,0.415,0.1803
KIT_178,0.1874,1.16,0,0.5549,2366.27,-3.45,0.2683,1.31,0.3303,0.5557,337.694,-1,0.3676,0.2922,0.1581
KIT_179,0.0914,1.3,0.0279,0.53,273.003,-1,0.0888,1.46,0.177,0.526,411.694,0.57,0.3115,0.2102,0.0936
KIT_180,0.0755,1.2,0,0.4966,19.045,-5.87,0.2559,1.3,0.3255,0.5164,219.274,6.2,0.3557,0.2856,0.1564
KIT_181,0.016,1.23,0,0.4146,2.959,-1.26,0.0291,1.38,0.2478,0.417,16.042,4.15,0.3602,0.2803,0.1416
KIT_182,0.1322,1.17,0,0.56,9185.11,1.48,0.1665,1.5,0.3866,0.56,229.855,-1,0.379,0.3042,0.1727
KIT_183,0.0331,1.41,0.0271,0.5646,18757.4,4.68,0.0316,1.58,0.1551,0.5572,152.352,0.41,0.3891,0.231,0.0872
KIT_184,0.0583,1.22,0,0.6,1671.62,0.58,0.0637,1.41,0.2825,0.5974,190.471,-0.69,0.4297,0.3136,0.1519
KIT_185,0.0488,1.17,0,0.3417,36.908,1.03,0.0665,1.58,0.2698,0.338,13.935,1.36,0.2701,0.2196,0.127
KIT_186,0.0024,1.34,0,0.4232,0.619,0.12,0.0026,1.59,0.1844,0.4203,0.57,1.12,0.4153,0.3734,0.1397
KIT_187,0.0172,1.23,0,0.4588,10.047,1.3,0.027,1.4,0.2623,0.4592,20.068,3.29,0.3961,0.3046,0.1511
KIT_188,0.0041,1.34,0,0.3918,0.308,0.53,0.0091,1.43,0.2367,0.3928,2.123,5.18,0.3749,0.312,0.1508
KIT_189,0.028,2.21,0.0534,0.53,3.474,-1.63,0.0265,3.9,0.1762,0.5064,124.039,-0.64,0.2344,0.1434,0.0863
KIT_190,0.0045,1.25,0,0.4563,0.048,1.4,0.0083,1.42,0.283,0.4564,2.193,10,0.4386,0.3712,0.1817
KIT_191,0.0285,1.16,0.0057,0.39,20.908,-1.53,0.0308,1.47,0.2873,0.3835,7.034,0.98,0.3369,0.2705,0.149
KIT_192,0.015,1.9,0.0371,0.43,4.179,0.01,0.0147,3.26,0.1666,0.4189,22.198,0.58,0.332,0.1496,0.0857
KIT_193,0.0515,1.26,0,0.5025,2675.44,5.67,0.0431,1.47,0.1868,0.4955,120.299,1.98,0.3556,0.2405,0.1049
KIT_194,0.0263,1.91,0.0203,0.3015,5.118,-1.34,0.0263,3.11,0.1062,0.2964,39.98,-0.35,0.1579,0.0882,0.052
KIT_195,0.0037,1.32,0,0.5414,0.994,2.41,0.0037,1.58,0.2222,0.5349,1.89,7.2,0.524,0.4474,0.162
KIT_196,0.003,1.44,0,0.5656,0.46,1.84,0.0027,1.69,0.1574,0.5513,1.692,9.95,0.5436,0.4683,0.1258
KIT_197,0.0935,1.25,0.0412,0.65,2446.75,0.17,0.0975,1.47,0.3186,0.65,432.597,-0.45,0.4176,0.3062,0.1556
KIT_198,0.0053,1.33,0,0.5196,1.4,2.21,0.0052,1.58,0.1936,0.5153,3.861,8.42,0.4967,0.3939,0.1364
KIT_199,0.0088,1.27,0,0.4114,1.492,0.51,0.0339,1.33,0.2844,0.4195,11.213,2.86,0.3699,0.2995,0.16
KIT_200,0.0021,1.34,0,0.5366,0.18,-2.05,0.0018,1.6,0.2495,0.5168,0.341,6.71,0.5138,0.4838,0.1972
KIT_201,0.002,1.66,0.0175,0.5345,0.543,7.51,0.0029,1.63,0.1959,0.5362,1.437,6.77,0.5282,0.4602,0.1498
KIT_202,0.4245,1.17,0,0.5808,330.267,-4.89,0.2177,1.96,0.3911,0.5543,506.556,0,0.3292,0.2746,0.1644
KIT_203,0.0053,1.28,0,0.4503,0.959,1.14,0.0178,1.35,0.3145,0.4558,4.66,1.51,0.4246,0.3534,0.1871
KIT_204,0.0128,1.25,0,0.3752,2.828,-0.55,0.0266,1.38,0.2303,0.3767,10.302,3.35,0.3307,0.2603,0.1325
KIT_205,0.1195,1.22,0,0.6266,15595.3,1.83,0.0888,1.45,0.2572,0.6117,412.295,-0.24,0.3887,0.2759,0.132
KIT_206,0.1383,1.31,0.0267,0.5085,776.95,-0.67,0.0986,1.67,0.2135,0.4873,433.472,-0.01,0.2644,0.1866,0.0981
KIT_207,0.0258,1.49,0.0285,0.5201,151.833,1.82,0.0238,1.69,0.1264,0.5135,98.658,1.44,0.3695,0.2004,0.07
KIT_208,0.0252,1.2,0,0.4703,18.646,2.85,0.0872,1.3,0.3325,0.4797,42.528,3.17,0.3891,0.3154,0.1733
KIT_209,0.0034,1.25,0,0.3871,0.105,4.31,0.0151,1.32,0.296,0.402,1.873,10,0.3825,0.3286,0.1787
KIT_210,0.0082,1.22,0,0.4348,0.918,5.03,0.0305,1.33,0.3132,0.4561,10.622,10,0.4075,0.3321,0.1778
KIT_211,0.0281,1.29,0,0.4336,57.005,3.56,0.0245,1.51,0.1511,0.4267,41.759,4.79,0.3387,0.2234,0.0899
KIT_212,0.0112,1.28,0,0.5086,4.049,-2.3,0.0609,1.34,0.3364,0.5278,52.622,-0.5,0.4286,0.3394,0.1803
KIT_213,0.0159,1.27,0,0.4968,10.46,1.76,0.019,1.47,0.2278,0.4944,23.757,5.88,0.428,0.3098,0.137
KIT_214,0.0362,1.2,0,0.4357,21.267,-0.18,0.1465,1.29,0.3053,0.4506,72.808,1.8,0.3427,0.2774,0.1529
KIT_215,0.0197,1.46,0.013,0.3891,32.731,-0.5,0.0193,1.61,0.0869,0.3862,37.718,0.05,0.3006,0.171,0.0536
KIT_216,0.0184,1.51,0.0179,0.3564,12.714,-0.4,0.0178,1.75,0.0968,0.352,26.778,0.52,0.2757,0.1509,0.0535
KIT_217,0.0241,1.31,0,0.311,20.142,-0.37,0.024,1.51,0.1063,0.3082,21.916,0.89,0.2444,0.1598,0.0634
KIT_218,0.0147,1.37,0.0022,0.3466,24.487,0.46,0.014,1.58,0.0958,0.343,13.966,0.29,0.2935,0.1853,0.0614
KIT_219,0.0292,1.3,0,0.3373,69.065,0.76,0.027,1.51,0.1145,0.3329,30.929,0.64,0.2576,0.1682,0.0675
TUBS_001,0.0034,1.55,0.0327,0.3975,1.34,1.8,0.0037,1.72,0.1271,0.3952,1.442,1.77,0.3865,0.3136,0.0901
TUBS_002,0.0054,1.44,0.0256,0.4104,7.383,1.82,0.0053,1.67,0.1386,0.4066,2.889,0.56,0.3909,0.2966,0.0937
TUBS_003,0.0039,1.51,0.0292,0.4195,0.759,0.57,0.0047,1.61,0.1415,0.4183,2.427,2.65,0.4044,0.3199,0.102
TUBS_004,0.0069,1.4,0.0142,0.4085,4.45,1.09,0.0073,1.58,0.14,0.4049,4.924,1.47,0.3806,0.2794,0.0953
TUBS_005,0.0065,1.4,0.0176,0.436,1.379,-0.58,0.0069,1.58,0.1509,0.4318,4.923,2.66,0.4081,0.3036,0.1034
TUBS_006,0.0075,1.4,0.0129,0.4215,4.16,0.65,0.0076,1.59,0.1347,0.4174,6.11,1.82,0.3899,0.2795,0.0918
TUBS_007,0.0049,1.55,0.0294,0.4393,1.137,0.45,0.0057,1.64,0.1229,0.4375,4.449,2.81,0.4171,0.3075,0.0882
TUBS_008,0.0089,1.4,0.0126,0.4309,37.745,1.97,0.0083,1.6,0.1245,0.4261,8.13,0.25,0.3934,0.2713,0.0847
TUBS_009,0.0291,1.1,0.1425,0.5627,2.323,-10,0.0046,1.31,0.4275,0.5368,0.253,10,0.5314,0.5023,0.2893
TUBS_010,0.1654,1.09,0,0.5876,116.065,-10,0.5,1.14,0.525,0.5735,9.552,1.21,0.4808,0.4114,0.2454
TUBS_011,0.5,1.06,0.0965,0.5304,805.636,-10,0.0319,1.17,0.4237,0.4815,0.94,10,0.4644,0.4168,0.247
TUBS_012,0.001,1.29,0,0.3274,0.01,-6.67,2e-04,2.04,0.1036,0.3146,0.002,-1,0.3146,0.3144,0.1663
TUBS_013,0.0011,1.35,0,0.4051,0.014,-5.94,2e-04,1.94,0.132,0.3816,0.006,10,0.3816,0.3808,0.1761
TUBS_014,0.0012,1.34,0,0.388,0.026,-3.32,4e-04,1.77,0.1576,0.3697,0.015,10,0.3695,0.3668,0.1634
TUBS_015,0.0014,1.28,0,0.3417,0.016,-5.48,3e-04,1.9,0.1399,0.3288,0.004,10,0.3288,0.3279,0.1593
TUBS_016,0.0016,1.36,0,0.3449,0.196,-3.11,0.0016,1.66,0.1338,0.3402,0.167,-0.64,0.3385,0.3182,0.111
TUBS_017,0.0011,1.4,0,0.3563,0.127,-1.94,0.001,1.76,0.1124,0.352,0.094,0.93,0.3511,0.3392,0.1051
TUBS_018,0.0015,1.35,0,0.3654,0.254,-1.52,0.0016,1.63,0.1634,0.3616,0.148,-1,0.3598,0.3408,0.1329
TUBS_019,0.0012,1.37,0,0.3598,0.196,-1.99,0.0013,1.7,0.1334,0.3564,0.123,-0.26,0.3552,0.3395,0.1162
TUBS_020,0.0013,1.38,0,0.376,0.173,-1.78,0.0012,1.72,0.1283,0.3718,0.139,1.78,0.3705,0.3542,0.114
TUBS_021,4e-04,1.43,0,0.3273,0.01,-1,3e-04,1.86,0.1231,0.3196,0.006,-0.87,0.3196,0.3184,0.1457
TUBS_022,0.0012,1.35,0,0.3453,0.011,-5.02,0.0085,1.2,0.3,0.3426,0.081,10,0.3388,0.3216,0.1952
TUBS_023,0.0012,1.28,0,0.3342,0.028,-3.9,0.0047,1.37,0.2775,0.3315,0.072,10,0.3286,0.3097,0.1785
TUBS_024,9e-04,1.32,0,0.3702,0.018,-1,3e-04,1.83,0.1684,0.3594,0.007,10,0.3593,0.3579,0.1756
TUBS_025,0.0035,1.26,0,0.3928,0.636,-0.31,0.0081,1.38,0.2682,0.3939,1.035,-0.28,0.3815,0.3327,0.172
TUBS_026,0.0031,1.25,0,0.3829,0.764,0.23,0.0047,1.45,0.2369,0.3812,0.559,-0.26,0.374,0.3335,0.1616
TUBS_027,0.0026,1.33,0,0.3988,0.683,0.83,0.0029,1.57,0.1859,0.3952,0.544,1.17,0.39,0.3489,0.1376
TUBS_028,0.0027,1.28,0,0.3854,0.442,0.58,0.0042,1.47,0.23,0.3838,0.54,1.29,0.377,0.3369,0.1591
TUBS_029,0.0027,1.23,0,0.3349,0.121,-1.94,0.0118,1.28,0.27,0.3392,0.476,4.03,0.3296,0.2957,0.1671
TUBS_030,0.0085,1.17,0,0.3772,0.976,-3.17,0.0249,1.28,0.2925,0.3786,2.398,3.71,0.3545,0.3029,0.1694
TUBS_031,0.0103,1.21,0,0.4129,3.144,-2.11,0.0266,1.34,0.2851,0.4165,7.401,-0.36,0.3761,0.3074,0.1638
TUBS_032,0.0059,1.24,0,0.3924,1.485,-0.56,0.0098,1.41,0.2457,0.3917,2.049,0.63,0.3736,0.3128,0.1551
TUBS_033,0.0041,1.35,0.009,0.3643,0.948,0.09,0.0039,1.6,0.1374,0.3576,1.047,2.68,0.3494,0.2923,0.1003
TUBS_034,0.0061,1.42,0.024,0.4092,3.086,0.84,0.0063,1.59,0.1393,0.4033,3.772,1.72,0.3833,0.2884,0.0965
TUBS_035,0.0065,1.33,0.0041,0.4068,5.937,1.7,0.0055,1.6,0.1391,0.399,2.8,2.03,0.3829,0.2964,0.0981
TUBS_036,0.0085,1.33,0.0084,0.4106,4.99,0.29,0.0078,1.57,0.146,0.4046,5.234,2.19,0.3789,0.2782,0.0983
TUBS_037,0.0033,1.42,0.0218,0.3563,0.823,1.31,0.0028,1.78,0.1326,0.3452,0.567,2.9,0.3409,0.2935,0.0916
TUBS_038,0.0058,1.4,0.0208,0.3924,2.314,1.13,0.0062,1.58,0.1423,0.3879,3.096,2.3,0.3699,0.2833,0.0983
TUBS_039,0.0071,1.33,0.0068,0.3926,9.365,1.88,0.0061,1.59,0.1379,0.3883,3.1,0.97,0.3705,0.2829,0.0959
TUBS_040,0.0078,1.3,0.0012,0.3971,3.583,-0.33,0.0076,1.54,0.1594,0.3913,3.915,1,0.3693,0.2808,0.1065
TUBS_041,0.0063,1.35,0.0123,0.3862,2.753,0.72,0.0064,1.57,0.145,0.3832,3.084,1.64,0.3649,0.2799,0.0995
TUBS_042,0.0054,1.46,0.0149,0.4365,7.546,0.98,0.0056,1.63,0.1248,0.4334,4.186,0.19,0.4139,0.3072,0.0895
TUBS_043,0.0043,1.57,0.0335,0.4195,2.171,0.08,0.0046,1.78,0.1336,0.4162,2.519,0.28,0.4036,0.3041,0.0873
TUBS_044,0.0072,1.41,0.0127,0.4278,4.949,0.68,0.0075,1.6,0.1338,0.4245,6.212,1.36,0.397,0.2841,0.0916
TUBS_045,0.0054,1.48,0.0292,0.4188,2.668,0.87,0.0055,1.64,0.1187,0.4159,3.793,1.68,0.3973,0.2952,0.0854
TUBS_046,0.0098,1.42,0.0173,0.4656,23.649,0.82,0.0098,1.6,0.1324,0.4612,13.218,0.31,0.417,0.278,0.0883
TUBS_047,0.0107,1.39,0.0095,0.4708,17.834,0.52,0.0114,1.57,0.1504,0.4678,15.883,0.56,0.4173,0.2809,0.0977
TUBS_048,0.0042,1.57,0.0313,0.4138,1.126,0.7,0.0049,1.71,0.1424,0.4124,2.619,1.83,0.3983,0.3034,0.0946
TUBS_049,0.0044,1.52,0.043,0.4027,1.432,0.45,0.0047,1.7,0.1436,0.3992,2.112,1.41,0.3868,0.3012,0.0961
TUBS_050,0.0061,1.56,0.044,0.43,4.124,0.39,0.0067,1.79,0.1521,0.4296,5.066,0.4,0.4067,0.2793,0.092
TUBS_051,0.0071,1.54,0.0232,0.44,8.143,0.77,0.0079,1.79,0.1451,0.44,7.895,0.36,0.4085,0.2651,0.0865
TUBS_052,0.0078,1.46,0.0171,0.4212,9.868,1.5,0.0083,1.64,0.1252,0.4189,7.971,1.13,0.3865,0.2615,0.0818
TUBS_053,0.0099,1.44,0.0303,0.4362,21.98,1.66,0.0096,1.6,0.1269,0.4325,11.019,0.98,0.3924,0.2624,0.0839
TUBS_054,0.0086,1.61,0.0202,0.3455,2.791,-1,0.0089,1.8,0.0864,0.3431,7.526,0.16,0.3106,0.1834,0.052
TUBS_055,0.0114,1.64,0.0219,0.3824,6.444,-0.8,0.0116,1.84,0.0907,0.3796,16.28,0.19,0.3252,0.1725,0.0518
TUBS_056,0.0087,1.68,0.0222,0.3567,4.471,-0.72,0.009,1.9,0.0879,0.3541,8.61,-0.05,0.3191,0.1769,0.0507
TUBS_057,0.013,1.62,0.0215,0.3729,15.371,-0.23,0.0129,1.84,0.0895,0.3694,18.461,-0.15,0.3092,0.1608,0.0502
TUBS_058,0.0114,1.65,0.0223,0.3741,6.597,-0.35,0.0119,1.87,0.0962,0.3718,15.7,0.37,0.3175,0.1677,0.0538
TUBS_059,0.0075,1.68,0.0218,0.34,3.115,-0.18,0.0081,1.86,0.0858,0.3384,6.29,0.46,0.3102,0.1823,0.0509
TUBS_060,0.0066,1.62,0.0197,0.315,1.195,-0.98,0.0072,1.75,0.0774,0.3143,4.231,0.58,0.2924,0.1875,0.0497
TUBS_061,0.0092,1.7,0.023,0.3541,2.378,-0.78,0.01,1.91,0.0927,0.353,10.157,0.52,0.3126,0.1688,0.0523
TUBS_062,0.019,1.38,0.0116,0.3746,25.409,-0.97,0.018,1.57,0.1023,0.3709,25.427,-0.32,0.302,0.186,0.0638
TUBS_063,0.0141,1.38,0.007,0.3478,6.971,-1.86,0.0139,1.57,0.1001,0.3446,13.468,-0.05,0.296,0.1891,0.064
TUBS_064,0.0142,1.4,0.0121,0.3477,11.536,-1.21,0.0139,1.58,0.0948,0.3444,14.214,-0.37,0.2945,0.1851,0.0609
TUBS_065,0.0102,1.4,0.0117,0.3241,7.416,-1.06,0.0099,1.6,0.0919,0.321,6.528,-0.5,0.2898,0.1928,0.0612
TUBS_066,0.011,1.53,0.03,0.3233,4.264,0.53,0.0112,1.64,0.082,0.3214,9.363,2.09,0.2822,0.1743,0.0526
TUBS_067,0.0076,1.63,0.0395,0.3154,1.648,0.62,0.0083,1.75,0.0957,0.3142,4.715,2.39,0.2893,0.1858,0.0583
TUBS_068,0.01,1.52,0.0323,0.3225,3.585,0.71,0.0105,1.64,0.0904,0.3206,7.66,2.39,0.2858,0.1818,0.0573
TUBS_069,0.0088,1.61,0.0329,0.3275,1.182,-0.31,0.01,1.69,0.0903,0.327,7.656,2.7,0.2926,0.1818,0.0559
TUBS_070,0.0099,1.59,0.0306,0.3351,4.798,0.5,0.0095,1.85,0.0989,0.3314,7.129,1.2,0.2986,0.1748,0.0567
TUBS_071,0.0095,1.54,0.0324,0.332,4.379,0.42,0.0099,1.66,0.087,0.3301,7.686,1.56,0.296,0.1871,0.056
TUBS_072,0.0154,1.45,0.0243,0.3537,9.329,-0.01,0.0149,1.59,0.0881,0.3498,17.793,1.34,0.2932,0.1784,0.0565
TUBS_073,0.02,1.56,0.0602,0.3661,37.385,-0.53,0.0213,1.63,0.11,0.3651,33.401,-0.46,0.2824,0.1675,0.0623
TUBS_074,0.0366,1.42,0.059,0.4164,137.221,-0.76,0.0396,1.5,0.1344,0.4148,92.843,-0.59,0.2909,0.1875,0.0766
TUBS_075,0.0368,1.54,0.0846,0.4072,130.547,-0.76,0.0387,1.68,0.1584,0.4043,90.695,-0.82,0.27,0.1706,0.0795
TUBS_076,0.0304,1.34,0,0.3417,294.773,1.39,0.0284,1.53,0.0978,0.3373,42.117,-0.2,0.2497,0.1545,0.058
TUBS_077,0.0104,1.73,0.0749,0.3169,5.681,-0.41,0.0115,1.75,0.1081,0.317,7.927,-0.17,0.2796,0.1717,0.0619
TUBS_078,0.0167,1.39,0,0.3295,56.879,1.18,0.0167,1.57,0.0915,0.3268,17.283,-0.04,0.2703,0.1681,0.0575
TUBS_079,0.0409,3.15,0.0875,0.35,31.5,-1.47,0.0429,3.22,0.1162,0.35,158.282,-1,0.1305,0.0912,0.0547
TUBS_080,0.0438,4,0.055,0.2909,4.115,-1.68,0.0446,4.39,0.0725,0.2892,150.631,-0.92,0.0722,0.0564,0.0341
TUBS_081,0.0118,1.6,0.0562,0.3491,4.922,-0.57,0.013,1.67,0.1057,0.3485,12.883,0.62,0.3001,0.1837,0.0629
TUBS_082,0.0095,1.79,0.0804,0.3459,2.265,-0.79,0.0105,1.86,0.1275,0.3455,7.737,0.25,0.309,0.1865,0.0709
TUBS_083,0.023,1.45,0,0.3188,29.688,-0.35,0.0213,1.62,0.058,0.3152,33.299,0.22,0.2347,0.1269,0.0365
TUBS_084,0.0226,1.48,0.0402,0.3779,39.048,-0.12,0.0235,1.56,0.0959,0.3766,44.151,0.33,0.2853,0.1698,0.0584
TUBS_085,0.0218,1.44,0,0.3504,51.339,0.26,0.0207,1.6,0.0705,0.3468,36.006,0.23,0.2635,0.1469,0.0442
TUBS_086,0.0179,1.51,0.0483,0.3373,13.183,-0.34,0.0199,1.56,0.0936,0.3372,24.886,0.53,0.2688,0.1651,0.0577
TUBS_087,0.0141,1.42,0.1075,0.43,18.105,0.77,0.0159,1.84,0.2749,0.4271,8.106,-0.43,0.3788,0.2732,0.1435
TUBS_088,0.0132,1.87,0.0875,0.3375,2.426,-1.14,0.0146,1.95,0.1314,0.3373,13.152,0.1,0.2817,0.1602,0.0694
TUBS_089,0.0116,1.59,0.095,0.3699,5.865,-0.4,0.0131,1.64,0.1516,0.3693,10.31,0.23,0.3255,0.2173,0.0875
TUBS_090,0.0535,1.45,0.09,0.36,59.177,-0.77,0.048,2.65,0.2234,0.3599,63.221,-1,0.2219,0.1741,0.1043
TUBS_091,0.0563,2.59,0.0376,0.288,20.217,-1.67,0.0574,2.69,0.0517,0.2878,262.779,-1,0.0724,0.0411,0.0238
TUBS_092,0.057,1.8,0.0745,0.3112,322.037,-0.78,0.0583,1.94,0.1117,0.3091,142.551,-1,0.1552,0.0982,0.052
TUBS_093,0.0298,1.54,0.0875,0.3438,12.299,-1.01,0.0318,1.74,0.1652,0.3391,34.241,0.18,0.2484,0.1654,0.0827
TUBS_094,0.0226,1.59,0.09,0.3075,15.893,-0.4,0.0265,1.61,0.1332,0.3076,22.168,0.03,0.2386,0.1576,0.071
TUBS_095,0.0276,1.56,0.0454,0.2827,14.553,-1.01,0.0342,1.54,0.0735,0.2861,45.641,0.15,0.1972,0.1178,0.043
TUBS_096,0.0223,1.29,0,0.2849,16.775,-0.4,0.0268,1.47,0.1187,0.2834,16.216,0.17,0.2287,0.159,0.0694
TUBS_097,0.0201,1.33,0.0162,0.2943,11.828,-0.19,0.0252,1.48,0.1203,0.2938,16.548,0.59,0.2384,0.1646,0.0708
TUBS_098,0.0407,1.57,0.0853,0.3129,13.25,-1.07,0.048,1.65,0.1405,0.3128,59.959,0.56,0.2079,0.1402,0.0692
TUBS_099,0.0269,5.18,0.08,0.3134,0.74,-1.76,0.0275,6.02,0.102,0.3112,53.626,-0.52,0.1096,0.0828,0.05
TUBS_100,0.0249,4.64,0.085,0.34,1.466,-1.67,0.026,6.54,0.1285,0.3354,47.132,-1,0.1353,0.1047,0.0633
TUBS_101,0.0423,1.57,0.0875,0.35,12.754,-1.44,0.0388,2.51,0.1976,0.3434,47.439,-0.51,0.216,0.1585,0.0938
TUBS_102,0.0035,1.22,0,0.5448,0.152,3.04,0.0094,1.32,0.4125,0.5439,1.287,10,0.5291,0.4728,0.2602
TUBS_103,0.0112,1.18,0,0.5596,13.595,6.34,0.0307,1.28,0.4261,0.561,8.187,2.14,0.516,0.4349,0.2422
TUBS_104,0.0102,1.19,0,0.5361,1.75,0.57,0.0199,1.34,0.3727,0.5365,7.382,8.41,0.4967,0.4123,0.2194
TUBS_105,0.0148,1.19,0,0.5455,7.03,2.79,0.026,1.34,0.3685,0.545,13.136,6.2,0.4915,0.4002,0.212
TUBS_106,0.0182,1.17,0,0.6094,21.457,6.43,0.0214,1.51,0.4575,0.6028,9.346,5.22,0.5489,0.4431,0.2428
TUBS_107,0.0053,1.21,0,0.5812,0.652,1.35,0.0084,1.39,0.3869,0.5792,2.648,10,0.5592,0.4831,0.2471
TUBS_108,0.0065,1.19,0,0.5859,1.139,3.5,0.0124,1.34,0.4235,0.5848,3.246,10,0.56,0.4838,0.2602
TUBS_109,9e-04,1.33,0,0.5152,0.014,-2.43,1e-04,2.1,0.1704,0.4801,0.002,8.71,0.4801,0.48,0.3061
TUBS_110,0.0064,1.23,0,0.577,1.872,10,0.0117,1.39,0.3765,0.5769,5.053,10,0.547,0.4579,0.2331
TUBS_111,0.0048,1.21,0,0.5045,0.407,7.75,0.0127,1.31,0.3825,0.5029,1.751,10,0.4844,0.4254,0.2347
TUBS_112,0.004,1.26,0,0.5674,0.171,1.88,0.0106,1.38,0.3834,0.5726,3.767,10,0.5473,0.465,0.2394
TUBS_113,0.0187,1.32,0.032,0.3475,42.637,1.1,0.0195,1.52,0.1547,0.3448,13.717,0.09,0.293,0.2053,0.0897
TUBS_114,0.0168,1.41,0.0511,0.3674,40.551,1.01,0.0167,1.66,0.163,0.3628,13.664,-0.12,0.3087,0.205,0.0896
TUBS_115,0.0141,1.27,0.0102,0.3396,30.461,3.43,0.014,1.48,0.1546,0.3353,6.629,1.26,0.3015,0.2222,0.0958
TUBS_116,0.0222,1.28,0.0104,0.37,40.181,1.23,0.0209,1.55,0.1671,0.3651,17.672,0.92,0.3048,0.2105,0.0937
TUBS_117,0.0206,1.53,0.0596,0.3724,15.627,-0.18,0.019,2.01,0.1676,0.3644,20.353,0.03,0.2873,0.1718,0.0854
TUBS_118,0.0228,1.36,0.0385,0.386,69.814,0.7,0.021,1.72,0.1861,0.3795,20.292,-0.36,0.3087,0.2045,0.0973
TUBS_119,0.0038,1.23,0,0.3737,0.161,-0.67,0.0082,1.39,0.254,0.38,1.085,10,0.3673,0.3181,0.1626
TUBS_120,0.0038,1.23,0,0.38,0.114,-1,0.0131,1.32,0.285,0.38,1.177,10,0.3648,0.318,0.1742
TUBS_121,0.009,1.2,0,0.3868,1.466,-0.37,0.0149,1.37,0.2569,0.3861,3.051,5.61,0.3617,0.3002,0.1554
TUBS_122,0.0109,1.2,0,0.3886,2.324,0.65,0.0145,1.39,0.2434,0.3863,3.75,5.94,0.3597,0.2934,0.1479
TUBS_123,0.0142,1.21,0,0.4052,1.774,-1.08,0.036,1.35,0.2669,0.42,16.809,10,0.3611,0.2862,0.1495
TUBS_124,0.0034,1.22,0,0.3725,0.058,-2.84,0.005,1.44,0.2524,0.369,0.413,10,0.3625,0.3257,0.1659
TUBS_125,0.0052,1.37,0.0925,0.37,0.33,2.72,0.0113,1.43,0.2775,0.37,1.117,6.27,0.3548,0.302,0.162
TUBS_126,0.0128,1.19,0,0.3974,3.816,2.03,0.0155,1.39,0.2436,0.3936,4.636,7.3,0.3639,0.294,0.1472
TUBS_127,0.0204,1.21,0.0168,0.4,19.689,3.46,0.0245,1.53,0.2707,0.4,9.604,2.66,0.3492,0.2703,0.1428
TUBS_128,0.0163,1.19,0.0087,0.3884,5.202,0.2,0.0171,1.52,0.2634,0.3832,4.392,3.23,0.3501,0.2765,0.1444
TUBS_129,0.0287,4.58,0.0278,0.4045,0.838,-1.45,0.0303,6.98,0.0978,0.3939,130.518,-0.65,0.0981,0.0788,0.0476
TUBS_130,0.0294,4.11,0.019,0.3748,1.162,-1.47,0.03,4.84,0.0518,0.3705,148.17,0,0.0757,0.0417,0.0252
TUBS_131,0.0274,4.59,0.0156,0.3577,0.572,-1.45,0.0279,5.26,0.0412,0.354,123.471,0.04,0.0669,0.0334,0.0202
TUBS_132,0.0293,4.73,0.0154,0.3635,1.051,-1.4,0.0299,5.53,0.0443,0.3587,143.105,-0.06,0.0597,0.0356,0.0215
TUBS_133,0.0264,4.15,0.0178,0.3532,0.766,-1.28,0.0268,5.04,0.0508,0.3463,101.581,0.36,0.0827,0.0413,0.0249
TUBS_134,0.0194,3.2,0.0526,0.4056,3.077,-1.31,0.02,5.18,0.1229,0.3945,47.934,-0.97,0.203,0.1023,0.0618
TUBS_135,0.0209,2.89,0.0421,0.42,5.969,-1.01,0.021,4.56,0.1146,0.4042,60.239,-0.74,0.1987,0.0951,0.0573
TUBS_136,0.0212,2.69,0.0399,0.415,4.486,-1.1,0.0212,4.67,0.1239,0.3984,54.713,-0.79,0.1995,0.1027,0.0619
TUBS_137,0.02,3.34,0.0663,0.4118,3.187,-1.35,0.0205,4.81,0.124,0.4012,52.601,-0.9,0.2052,0.103,0.0621
TUBS_138,0.0198,3.14,0.0297,0.4373,1.345,-1.31,0.021,5.97,0.1295,0.4238,61.701,-0.58,0.1906,0.1075,0.065
TUBS_139,0.0217,3.4,0.0334,0.4166,2.241,-1.38,0.0226,5.31,0.115,0.4033,68.647,-0.8,0.1677,0.0947,0.0572
TUBS_140,0.0215,4.03,0.0471,0.42,0.633,-1.64,0.0232,6.67,0.1359,0.4135,67.065,-0.7,0.162,0.1119,0.0677
TUBS_141,0.022,3.62,0.0552,0.42,1.922,-1.62,0.0242,5.24,0.1418,0.42,73.55,-1,0.1786,0.1162,0.0702
TUBS_142,0.0221,4.02,0.0431,0.4259,0.784,-1.62,0.0232,6.12,0.1177,0.4163,77.7,-0.67,0.1539,0.0968,0.0585
TUBS_143,0.0256,5.6,0.0147,0.3628,0.568,-1.31,0.0262,6.67,0.048,0.358,106.973,0.06,0.0641,0.0391,0.0236
TUBS_144,0.0217,4.79,0.0292,0.4028,1.379,-1.66,0.0228,6.88,0.0954,0.3964,76.263,-1,0.1269,0.0786,0.0476
TUBS_145,0.0218,4.08,0.0387,0.3926,1.163,-1.59,0.0227,5.97,0.1044,0.3834,65.194,-0.74,0.1443,0.086,0.052
TUBS_146,0.0037,1.26,0,0.44,0.16,-0.33,0.015,1.32,0.3297,0.4438,2.125,10,0.4229,0.3646,0.1991
TUBS_147,0.0033,1.28,0,0.4801,0.09,1.15,0.0113,1.38,0.3237,0.4857,3.059,10,0.4626,0.3908,0.201
TUBS_148,0.0047,1.25,0,0.4062,0.06,-3.06,0.0198,1.23,0.33,0.3934,0.75,10,0.3798,0.3392,0.1968
TUBS_149,0.0315,1.16,0,0.3974,3.943,-2.5,0.0963,1.26,0.3011,0.3994,18.068,10,0.3348,0.2771,0.1563
TUBS_150,0.0042,1.3,0,0.468,3.7,2.35,0.0037,1.59,0.1859,0.4625,1.457,1.82,0.453,0.3856,0.1362
TUBS_151,0.0039,1.32,0.0056,0.4598,1.383,0.66,0.0039,1.57,0.1985,0.4535,1.348,2.28,0.444,0.3798,0.1431
TUBS_152,0.0237,1.22,0,0.4505,20.359,-2.2,0.0775,1.34,0.288,0.4614,59.081,-0.83,0.3611,0.2849,0.1514
TUBS_153,0.0144,1.25,0,0.4478,8.504,-1.78,0.0627,1.34,0.2901,0.4632,45.4,-0.94,0.3722,0.2935,0.1552
TUBS_154,0.006,1.27,0,0.4971,2.467,0.73,0.0057,1.53,0.229,0.49,2.891,2.95,0.473,0.3872,0.1563
TUBS_155,0.0048,1.31,0.0213,0.4687,0.499,-1.12,0.0069,1.47,0.2512,0.4658,2.641,4.46,0.4478,0.3708,0.1658
TUBS_156,0.008,1.27,0,0.4411,2.856,-0.1,0.0099,1.47,0.222,0.4377,5.031,1.78,0.4102,0.3216,0.1418
TUBS_157,0.0049,1.34,0.0163,0.4178,1.244,-0.02,0.0056,1.53,0.1876,0.4133,2.075,1.91,0.399,0.3258,0.1287
TUBS_158,0.0275,3.91,0.0572,0.3292,5.436,-1.22,0.0278,4.06,0.0691,0.3286,84.5,-0.36,0.1086,0.0561,0.0337
TUBS_159,0.0265,4.8,0.0532,0.3344,7.078,-1.19,0.0266,4.98,0.0618,0.3333,84.701,-0.54,0.0919,0.0503,0.0303
TUBS_160,0.0238,4.95,0.0683,0.3648,3.967,-1.36,0.024,5.21,0.0808,0.3639,75.168,-0.67,0.1231,0.0662,0.04
TUBS_161,0.0245,4.25,0.0656,0.3538,3.929,-1.37,0.0247,4.5,0.0797,0.3524,73.782,-0.66,0.1287,0.0652,0.0393
TUBS_162,0.0265,4.67,0.0608,0.354,2.476,-1.4,0.0267,4.85,0.0713,0.3534,91.774,-0.46,0.1042,0.0579,0.035
TUBS_163,0.0271,4.65,0.0556,0.3447,3.629,-1.3,0.0272,4.81,0.0648,0.344,93.831,-0.45,0.0956,0.0526,0.0317
TUBS_164,0.0261,4.38,0.06,0.3392,2.683,-1.41,0.0264,4.59,0.0716,0.3384,80.403,-0.52,0.1084,0.0582,0.0352
TUBS_165,0.025,3.74,0.0569,0.3452,6.606,-1.07,0.0253,3.86,0.0685,0.3448,78.8,-0.26,0.1308,0.0565,0.0337
TUBS_166,0.0283,4.96,0.0613,0.3569,2.991,-1.44,0.0285,5.22,0.0718,0.3558,106.331,-0.64,0.0913,0.0579,0.0351
TUBS_167,0.0288,4.96,0.0497,0.3343,2.14,-1.42,0.0289,5.11,0.0568,0.3337,103.997,-0.41,0.0767,0.0459,0.0277
TUBS_168,0.0239,4.63,0.0344,0.3458,0.695,-1.8,0.0251,6.94,0.0903,0.3394,63.231,-1,0.1028,0.0739,0.0446
TUBS_169,0.0242,4.62,0.0329,0.3779,0.532,-1.83,0.0252,6.71,0.0907,0.37,80.385,-0.98,0.1066,0.0742,0.0448
TUBS_170,0.0222,4.83,0.0351,0.37,0.651,-1.78,0.0232,6.89,0.0896,0.3637,65.569,-0.97,0.1149,0.0738,0.0446
TUBS_171,0.024,5.11,0.0356,0.38,0.766,-1.78,0.0253,6.9,0.0911,0.3768,84.795,-1,0.1053,0.0745,0.045
TUBS_172,0.0221,4.96,0.0358,0.3593,1.382,-1.62,0.023,7.6,0.0911,0.3516,58.159,-1,0.1104,0.0751,0.0454
TUBS_173,0.0256,3.98,0.0337,0.37,2.057,-1.54,0.0263,5.9,0.0888,0.3572,80.635,-0.91,0.1068,0.0723,0.0437
TUBS_174,0.0203,4.03,0.0308,0.3537,1.324,-1.51,0.0212,5.92,0.0863,0.347,49.557,-1,0.1393,0.0715,0.0432
TUBS_175,0.021,6.13,0.0392,0.35,0.988,-1.71,0.0222,8,0.0896,0.35,54.159,-1,0.1116,0.0741,0.0448
TUBS_176,0.0233,4.63,0.0392,0.39,1.217,-1.62,0.0246,6.45,0.095,0.3871,83.533,-0.84,0.1175,0.0778,0.0471
TUBS_177,0.0031,1.29,0,0.4787,0.602,-2.4,0.0032,1.55,0.2307,0.4718,0.843,1.81,0.4649,0.4138,0.1682
TUBS_178,0.0043,1.28,0,0.5131,0.639,-4.46,0.0059,1.47,0.2867,0.5084,2.09,0.86,0.4932,0.4203,0.1919
TUBS_179,0.0015,1.33,0,0.4296,0.218,-3.91,0.0012,1.66,0.1786,0.4166,0.136,0.82,0.4152,0.3987,0.1521
TUBS_180,0.0033,1.28,0,0.4188,0.348,-4.09,0.0091,1.38,0.2878,0.4205,1.406,-1,0.4055,0.3511,0.1823
TUBS_181,0.002,1.34,0,0.4649,0.315,-1.85,0.002,1.63,0.1893,0.4594,0.439,3.32,0.4559,0.4206,0.1505
TUBS_182,0.028,1.27,0,0.4881,96.745,-0.45,0.0341,1.45,0.2126,0.4873,63.923,-0.36,0.3805,0.2679,0.1212
TUBS_183,0.0189,1.28,0,0.4665,59.72,-0.49,0.0246,1.46,0.2107,0.4665,33.212,-0.78,0.3876,0.2765,0.1236
TUBS_184,0.022,1.25,0,0.4549,20.328,-2.65,0.0481,1.39,0.2464,0.4636,58.4,-1,0.363,0.2725,0.1352
TUBS_185,0.0139,1.28,0,0.4791,11.142,-2.63,0.0203,1.45,0.2357,0.4783,21.259,-0.81,0.415,0.3064,0.1403
TUBS_186,0.0459,1.24,0,0.506,357.877,-0.59,0.0523,1.43,0.2242,0.5037,119.801,-0.71,0.3668,0.2618,0.1229
TUBS_187,0.0293,1.21,0,0.4512,38.405,-3.47,0.04,1.39,0.247,0.4514,39.38,-1,0.3661,0.2769,0.1376
TUBS_188,0.0223,1.23,0,0.4586,36.441,-3.06,0.0273,1.43,0.2336,0.4577,28.242,-1,0.3843,0.2848,0.135
TUBS_189,0.0426,1.2,0,0.4753,7.103,-4.72,0.0709,1.36,0.2726,0.4816,84.592,10,0.3658,0.2809,0.1446
TUBS_190,0.0432,1.22,0,0.4607,100.485,-2.59,0.0505,1.4,0.2312,0.4588,70.725,-0.9,0.3503,0.259,0.1265
TUBS_191,0.0123,1.28,0,0.49,43.18,1.42,0.0135,1.5,0.2103,0.487,14.96,0.16,0.4365,0.316,0.1313
TUBS_192,0.0088,1.29,0,0.4251,6.449,-0.72,0.0102,1.5,0.1923,0.4217,6.231,-0.17,0.3911,0.2959,0.1233
TUBS_193,0.004,1.34,0,0.3929,1.377,0.06,0.0038,1.61,0.1464,0.3881,1.196,1.03,0.3795,0.3182,0.1074
TUBS_194,0.0069,1.32,0,0.4288,10.817,0.59,0.0057,1.59,0.1488,0.4216,3.247,0.23,0.404,0.3118,0.1043
TUBS_195,0.0049,1.32,0,0.4028,4.534,0.55,0.005,1.56,0.1653,0.3981,1.833,-0.16,0.3855,0.3141,0.116
TUBS_196,0.038,1.22,0,0.4508,86.298,-3.49,0.0429,1.41,0.2255,0.4488,54.697,-1,0.351,0.2588,0.1252
TUBS_197,0.0481,1.22,0,0.4458,177.919,-2.85,0.0523,1.41,0.2139,0.4438,77.731,-1,0.3319,0.2424,0.1169
TUBS_198,0.0492,1.21,0,0.4662,13.764,-6.25,0.0719,1.38,0.2502,0.4668,96.454,-0.1,0.346,0.262,0.1326
TUBS_199,0.0387,1.22,0,0.4709,208.21,-2.24,0.0434,1.41,0.2317,0.4686,63.029,-1,0.3641,0.2671,0.1286
TUBS_200,0.0331,1.22,0,0.4512,110.191,-2.87,0.0354,1.43,0.2177,0.4487,45.321,-1,0.3581,0.2608,0.1231
TUBS_201,0.0053,1.17,0,0.4595,1.191,7.78,0.0102,1.31,0.3525,0.4564,0.895,7.83,0.4438,0.3971,0.2208
TUBS_202,0.0043,1.22,0,0.4262,1.702,6.97,0.008,1.38,0.293,0.4254,1.125,3.27,0.4125,0.3612,0.1879
TUBS_203,0.0022,1.2,0,0.45,0.265,10,0.0033,1.38,0.3307,0.4442,0.165,10,0.4405,0.4174,0.2316
TUBS_204,0.0056,1.23,0,0.4031,1.802,1.68,0.0107,1.38,0.2666,0.4036,2.004,1.1,0.3852,0.3259,0.1665
TUBS_205,0.0189,1.11,0.1275,0.51,16.889,4.28,0.0093,1.32,0.3813,0.4986,0.998,10,0.4856,0.4355,0.2408
TUBS_206,0.0164,2.05,0.0219,0.3181,5.142,-1.14,0.0162,2.74,0.0811,0.3132,22.731,-0.65,0.2253,0.082,0.0414
TUBS_207,0.0153,1.97,0.0252,0.3124,4.139,-1.32,0.0147,2.71,0.0865,0.3046,16.527,-0.88,0.234,0.0892,0.0445
TUBS_208,0.0144,2.37,0.023,0.3067,1.854,-1.26,0.0144,3.63,0.0859,0.2977,15.131,-0.62,0.2275,0.0772,0.0442
TUBS_209,0.0198,2.54,0.0195,0.3304,3.131,-1.53,0.0203,3.37,0.0721,0.3252,42.649,-0.82,0.1789,0.0628,0.0361
TUBS_210,0.0205,2.2,0.0162,0.3165,4.375,-1.41,0.0204,2.96,0.0742,0.31,37.281,-0.82,0.1823,0.0674,0.0371
TUBS_211,0.0182,2.06,0.0134,0.3033,10.345,-1.31,0.0182,2.64,0.0661,0.2981,28.193,-1,0.1976,0.0685,0.0334
TUBS_212,0.0011,1.23,0,0.3387,0.014,-0.43,0.0013,1.39,0.2625,0.3286,0.01,10,0.328,0.3229,0.2007
TUBS_213,0.0115,1.15,0,0.3373,0.927,-1.61,0.0236,1.24,0.2738,0.3328,0.891,10,0.3177,0.279,0.1603
TUBS_214,0.01,1.17,0,0.3275,1.091,-1.85,0.0269,1.28,0.2524,0.3281,2.082,4.82,0.3055,0.2598,0.1452
TUBS_215,0.0238,2.05,0.0142,0.3756,11.051,-1.56,0.0232,2.81,0.0885,0.3672,66.695,-1,0.1997,0.08,0.0438
TUBS_216,0.0131,1.75,0.0073,0.2807,24.907,-0.92,0.013,1.94,0.0399,0.2796,14.25,-1,0.2258,0.0961,0.0225
TUBS_217,0.018,1.93,0.0095,0.3041,10.768,-1.48,0.0181,2.42,0.0672,0.3007,27.986,-1,0.2053,0.0757,0.0341
TUBS_218,0.0174,3.02,0.0427,0.3911,1.152,-1.58,0.0178,4.47,0.1054,0.3792,38.386,-0.67,0.2308,0.0891,0.0534
TUBS_219,0.0146,2.97,0.0376,0.36,1.038,-1.63,0.015,5.24,0.1054,0.3488,21.579,-1,0.258,0.0902,0.0543
TUBS_220,0.0172,2.91,0.0366,0.38,1.123,-1.63,0.0177,4.4,0.1029,0.3714,36.455,-0.86,0.2285,0.0871,0.0522
TUBS_221,0.0068,1.72,0.12,0.44,4.189,0.68,0.0075,1.89,0.2051,0.4381,4.669,0.46,0.4145,0.2862,0.1165
TUBS_222,0.0071,1.57,0.0892,0.4224,6.732,1.13,0.0078,1.62,0.1489,0.4217,6.092,0.92,0.3939,0.281,0.0966
TUBS_223,0.0068,1.37,0,0.4298,18.244,2.13,0.0074,1.57,0.1516,0.4271,5.423,-0.02,0.4015,0.296,0.1028
TUBS_224,0.0096,1.37,0,0.4355,45.273,2.15,0.0095,1.58,0.1355,0.4315,10.023,0.11,0.3934,0.2699,0.0901
TUBS_225,0.0103,1.36,0,0.4387,57.423,2.49,0.0103,1.56,0.1447,0.434,10.955,0.05,0.3932,0.271,0.0948
TUBS_226,0.0051,1.83,0.1175,0.4299,2.391,0.68,0.0056,2.12,0.2084,0.4275,2.375,0.23,0.4154,0.2948,0.1188
TUDD_001,0.0063,1.3,0,0.426,1.382,-2.56,0.0115,1.45,0.2308,0.4275,5.273,-0.2,0.3981,0.3138,0.1446
TUDD_002,0.0033,1.34,0,0.4102,0.479,-1.29,0.004,1.56,0.1848,0.4075,1.1,3.07,0.3987,0.3412,0.1321
TUDD_003,0.0045,1.34,0,0.4928,0.451,-2.93,0.0046,1.57,0.1998,0.489,2.428,3.94,0.4751,0.3911,0.1418
TUDD_004,0.0037,1.33,0,0.4498,0.64,-1.61,0.0141,1.37,0.3038,0.4549,3.8,-1,0.428,0.3567,0.1848
TUDD_005,0.0018,1.39,0,0.3972,0.354,-0.39,0.0018,1.71,0.1249,0.3932,0.362,3.73,0.3905,0.3591,0.105
TUDD_006,0.0026,1.34,0,0.3869,0.204,-1.48,0.004,1.49,0.2172,0.3842,0.58,2.07,0.3774,0.3356,0.152
TUDD_007,0.0028,1.35,0,0.4577,0.231,-3.05,0.0139,1.32,0.3437,0.459,1.898,-1,0.4395,0.3817,0.2091
TUDD_008,0.004,1.37,0.0016,0.4431,1.692,1.8,0.0038,1.63,0.1484,0.4386,1.791,3.14,0.4281,0.3524,0.1101
TUDD_009,0.0019,1.4,0,0.465,0.594,1.13,0.0019,1.7,0.1477,0.4619,0.545,2.93,0.4585,0.4192,0.123
TUDD_010,0.0043,1.36,0,0.451,1.354,0.89,0.0039,1.64,0.1444,0.4462,1.963,3.9,0.4352,0.3557,0.1076
TUDD_011,0.0028,1.46,0,0.5471,3.419,1.22,0.0023,1.78,0.106,0.5427,1.62,1.48,0.5364,0.4621,0.0918
TUDD_012,0.0064,1.34,0,0.3995,2.665,0.66,0.0056,1.63,0.1181,0.395,3.318,5.36,0.3776,0.2827,0.0844
TUDD_013,0.0036,1.39,0,0.5148,2.952,-0.22,0.0031,1.69,0.1422,0.5101,1.942,0.65,0.5009,0.4194,0.1115
TUDD_014,0.0039,1.36,0,0.4247,0.757,-0.2,0.0037,1.63,0.1455,0.4194,1.457,3.61,0.4101,0.3418,0.1084
TUDD_015,0.0022,1.46,0,0.5582,1.164,1.22,0.0019,1.8,0.1086,0.5548,1.153,4.62,0.5504,0.4914,0.0977
TUDD_016,0.0039,1.35,0,0.4354,0.69,-1.03,0.0037,1.62,0.1538,0.4306,1.5,3.92,0.4211,0.3519,0.114
TUDD_017,0.0087,1.28,0,0.4899,11.639,-1.55,0.0131,1.45,0.2549,0.4906,9.61,-1,0.45,0.3467,0.1579
TUDD_018,0.0046,1.32,0,0.463,1.087,-0.35,0.0048,1.56,0.1944,0.459,2.206,3.91,0.4454,0.3664,0.1366
TUDD_019,0.0027,1.35,0,0.4338,0.499,-1.05,0.0024,1.65,0.1563,0.4297,0.673,4.04,0.4249,0.379,0.1227
TUDD_020,0.0062,1.3,0,0.3846,0.906,-2.38,0.0053,1.53,0.176,0.3769,1.498,10,0.3649,0.3019,0.1212
TUDD_021,0.0014,1.52,7e-04,0.5564,0.076,-1.15,0.0013,1.82,0.1215,0.5513,0.518,10,0.5491,0.5161,0.1156
TUDD_022,0.0035,1.37,0,0.4664,0.745,1.67,0.003,1.69,0.1308,0.4621,1.471,8.08,0.4543,0.3836,0.103
TUDD_023,0.0033,1.34,0,0.414,0.36,0.41,0.0035,1.57,0.1809,0.4097,0.895,6.36,0.4024,0.3496,0.132
TUDD_024,0.0018,1.49,0,0.6108,0.201,-0.08,0.0015,1.82,0.1172,0.6059,0.899,10,0.6028,0.5556,0.1108
TUDD_025,0.0043,1.35,0,0.4424,0.498,-0.07,0.0037,1.63,0.1518,0.4378,1.644,6.7,0.4279,0.3553,0.1128
TUDD_026,0.0019,1.45,0.0048,0.4729,0.196,-0.87,0.0018,1.74,0.129,0.4692,0.595,6.53,0.4659,0.425,0.1108
TUDD_027,0.0018,1.38,0,0.6158,0.385,0.22,0.002,1.64,0.2433,0.613,0.853,5.52,0.6081,0.5587,0.194
TUDD_028,0.0011,1.39,0.012,0.38,0.136,-0.06,0.0013,1.66,0.16,0.3795,0.134,3.38,0.378,0.361,0.1349
TUDD_029,0.0023,1.38,0,0.4884,0.258,-1.5,0.0022,1.67,0.1674,0.4852,0.774,5.62,0.4804,0.4317,0.1341
TUDD_030,0.0028,1.26,0,0.3873,0.67,1.29,0.003,1.53,0.2043,0.3837,0.395,2.62,0.379,0.3441,0.1491
TUDD_031,0.003,1.31,0,0.4624,0.455,-1.82,0.0047,1.48,0.2642,0.4595,1.07,1.37,0.4496,0.3941,0.1811
TUDD_032,0.0029,1.32,0,0.4057,0.627,-2.73,0.0027,1.62,0.1575,0.4012,0.626,4.9,0.3961,0.3518,0.1208
TUDD_033,0.0062,1.35,0,0.5808,0.508,-2.94,0.0046,1.64,0.1737,0.5755,4.885,10,0.5564,0.4342,0.1273
UFZ_001,0.0185,1.24,0,0.3788,56.741,2.59,0.02,1.45,0.1856,0.3756,12.769,0.73,0.3266,0.2414,0.1106
UFZ_002,0.0251,1.14,0,0.3662,75.799,4.15,0.0276,1.33,0.253,0.3631,5.368,0.94,0.3285,0.2697,0.1448
UFZ_003,0.01,1.21,0,0.3612,17.064,3.02,0.0131,1.46,0.2323,0.3598,2.848,-0.36,0.3362,0.271,0.1362
UFZ_004,0.0141,1.19,0,0.4358,6.819,-1.28,0.0285,1.34,0.2965,0.4363,9.383,0.24,0.3909,0.318,0.1693
UFZ_005,0.0254,1.22,0,0.4316,115.372,3.16,0.0288,1.41,0.228,0.428,23.868,1.1,0.3602,0.2705,0.1309
UFZ_006,0.0146,1.23,0,0.3542,10.199,4.99,0.0214,1.39,0.2101,0.3513,7.009,4.71,0.3138,0.2468,0.1234
UFZ_007,0.0226,1.2,0,0.3677,21.117,2.46,0.0274,1.45,0.2393,0.3634,9.156,2.78,0.3164,0.2474,0.1294
UFZ_008,0.0159,1.2,0,0.4008,27.74,1.86,0.0219,1.39,0.242,0.3991,8.876,0.35,0.3567,0.2816,0.1418
UFZ_009,0.0233,1.17,0,0.3886,35.059,4.11,0.0246,1.38,0.2385,0.3849,9.058,4.07,0.3417,0.2707,0.1381
UFZ_010,0.021,1.22,0,0.3983,11.579,1.76,0.0389,1.36,0.2444,0.399,19.814,4.07,0.3362,0.2632,0.136
UFZ_011,0.0312,1.21,0,0.3804,22.608,1.3,0.0397,1.39,0.2085,0.3784,26.791,4.34,0.3078,0.2333,0.1162
UFZ_012,0.0395,1.21,0.0524,0.4478,28.133,0.16,0.0508,1.36,0.2663,0.4456,39.014,3.92,0.3607,0.2803,0.1451
UFZ_013,0.0466,1.21,0,0.47,333.581,1.81,0.0516,1.4,0.2396,0.468,72.601,0.77,0.3581,0.2661,0.1308
UFZ_014,0.0571,1.28,0.12,0.472,355.635,0.97,0.051,1.97,0.3498,0.4606,36.843,-0.9,0.3486,0.2782,0.1638
UFZ_015,0.037,1.23,0,0.47,149.679,1.86,0.0391,1.58,0.2658,0.47,55.236,0.7,0.3597,0.2612,0.1341
UFZ_016,0.0168,1.31,0.0611,0.45,11.85,1.19,0.021,1.52,0.2439,0.45,18.379,2,0.3871,0.2833,0.1354
UFZ_017,0.074,1.2,0.0088,0.49,606.239,0.89,0.0795,1.49,0.2879,0.49,129.03,0.11,0.3458,0.2624,0.1395
UFZ_018,0.1085,1.22,0,0.5072,741.022,0.12,0.1378,1.38,0.2447,0.5073,310.044,0.59,0.3259,0.2445,0.1235
UFZ_019,0.0433,1.21,0,0.4527,176.671,1.47,0.0816,1.36,0.262,0.4598,88.962,0.58,0.3437,0.265,0.1374
UFZ_020,0.0772,1.22,0.02,0.5,1091.63,1.46,0.0836,1.44,0.2543,0.5,180.695,0.34,0.3419,0.253,0.128
UFZ_021,0.0924,1.25,0.0414,0.53,2430.92,1.21,0.0957,1.52,0.274,0.53,280.939,-0.22,0.3385,0.2499,0.1304
UFZ_022,0.1273,1.19,0,0.53,3775.26,0.73,0.1492,1.36,0.2753,0.53,298.724,-0.22,0.3495,0.2671,0.1378
UFZ_023,0.0694,1.41,0.135,0.54,668.278,0.32,0.0688,2.44,0.3504,0.54,217.957,-1,0.3289,0.2657,0.1592
UFZ_024,0.0683,1.21,0,0.48,496.05,1.62,0.0832,1.38,0.2446,0.48,140.394,1.06,0.3411,0.2557,0.1283
UFZ_025,0.133,1.19,0,0.5,5560.32,1.84,0.1644,1.36,0.2604,0.5,288.311,0.03,0.3259,0.2498,0.1294
UFZ_026,0.0975,1.2,0,0.49,1254.45,1.67,0.1082,1.45,0.2691,0.49,208.064,0.52,0.3259,0.2466,0.1296
UFZ_027,0.106,1.22,0,0.54,12316.1,3.26,0.1032,1.41,0.2346,0.536,322.06,0.3,0.3444,0.2501,0.1214
UFZ_028,0.03,1.87,0.13,0.3845,9.949,-0.66,0.0332,2,0.187,0.3832,55.761,0.84,0.2584,0.1682,0.0908
UFZ_029,0.0469,1.84,0.1175,0.4605,15.865,-0.71,0.0467,2.19,0.1953,0.454,192.064,1.17,0.2446,0.1621,0.0917
UFZ_030,0.0348,1.43,0.0126,0.4205,24.855,0.63,0.0288,2.26,0.1919,0.4062,55.861,1.92,0.2688,0.1681,0.0936
UFZ_031,0.0493,1.25,0,0.4438,44.495,1.56,0.0543,1.43,0.197,0.4402,95.021,6.69,0.319,0.2283,0.1076
UFZ_032,0.0234,2.75,0.1225,0.3996,1.924,-0.88,0.024,3.17,0.1642,0.3956,49.41,1.75,0.2361,0.1369,0.081
UFZ_033,0.0371,1.88,0.0228,0.4246,34.922,0.57,0.0334,2.76,0.1131,0.4111,153.39,0.86,0.1795,0.0946,0.0544
UFZ_034,0.0506,1.85,0.1375,0.4843,16.613,-0.99,0.0489,2.44,0.2348,0.4754,194.57,0.65,0.2567,0.1859,0.1096
UFZ_035,0.0283,1.34,0.0144,0.3265,30.387,0.13,0.0305,1.5,0.112,0.3248,35.54,0.99,0.2449,0.16,0.0652
UFZ_036,0.0246,1.39,0.0126,0.3754,40.145,0.89,0.0218,1.8,0.1517,0.3671,28.414,1.12,0.283,0.172,0.0785
UFZ_037,0.0386,1.31,0.0056,0.3505,57.202,0.33,0.03,1.77,0.1639,0.3384,32.076,1.18,0.2489,0.1638,0.082
UFZ_038,0.0154,2.37,0.0608,0.3376,1.914,-0.57,0.0151,4.57,0.1331,0.325,13.6,0.41,0.2513,0.1139,0.0685
UFZ_039,0.0403,1.99,0.028,0.4342,88.399,0.26,0.0394,2.23,0.07,0.4302,278.82,0.79,0.1745,0.0714,0.0335
UFZ_040,0.0214,2.19,0.11,0.4194,1.872,0.21,0.0212,4.4,0.2118,0.4052,27.171,2.71,0.2635,0.1753,0.1059
UFZ_041,0.0269,1.29,0,0.4432,3.201,-0.78,0.0427,1.44,0.1995,0.4463,70.655,10,0.3371,0.2399,0.1113
UFZ_042,0.0328,1.32,0,0.4031,8.159,2.31,0.0354,1.5,0.1351,0.4017,70.171,10,0.2917,0.1897,0.0778
UFZ_043,0.0475,2.51,0.0842,0.4678,11.676,-0.99,0.0488,2.53,0.1049,0.4677,448.446,0.9,0.1575,0.0866,0.049
UFZ_044,0.093,1.63,0.1256,0.447,84.865,-0.02,0.1087,1.58,0.1593,0.4488,474.227,2.97,0.2307,0.1554,0.0753
UFZ_045,0.0433,2.27,0.0749,0.3795,10.767,-0.9,0.045,2.29,0.097,0.3794,222.306,0.89,0.1576,0.0845,0.0457
